,datemut,valeurfonc,sbati,pp,valeur_per_met
0,2014-01-02,365000.0,43.0,2.0,8392.290249433107
1,2014-01-03,373650.0,49.5,2.5,8285.447761194031
2,2014-01-04,168000.0,26.0,1.0,6461.538461538462
3,2014-01-06,332500.0,40.0,2.0,8057.544757033248
4,2014-01-07,322000.0,37.5,2.0,7986.111111111111
5,2014-01-08,318250.0,43.5,2.0,7761.029411764706
6,2014-01-09,350000.0,45.0,2.0,8300.0
7,2014-01-10,322500.0,41.0,2.0,8243.040935672514
8,2014-01-11,162660.0,31.0,1.5,4634.761904761905
9,2014-01-12,256500.0,12.0,1.0,21375.0
10,2014-01-13,249300.0,33.0,2.0,7931.0344827586205
11,2014-01-14,275000.0,40.0,2.0,8044.375
12,2014-01-15,372500.0,46.0,2.0,8185.1612903225805
13,2014-01-16,310000.0,44.0,2.0,7717.391304347826
14,2014-01-17,340000.0,45.0,2.0,8083.333333333333
15,2014-01-18,202500.0,40.0,2.0,3916.6666666666665
16,2014-01-20,356500.0,45.0,2.0,8271.604938271605
17,2014-01-21,300000.0,40.0,2.0,7980.0
18,2014-01-22,289000.0,39.0,2.0,8150.997150997151
19,2014-01-23,342000.0,44.5,2.0,7786.607142857143
20,2014-01-24,300547.0,41.0,2.0,7914.285714285715
21,2014-01-25,205000.0,22.0,1.0,6818.181818181818
22,2014-01-26,80000.0,44.0,2.0,1818.1818181818182
23,2014-01-27,355000.0,47.0,2.0,8101.019912578922
24,2014-01-28,344000.0,45.0,2.0,7500.0
25,2014-01-29,306750.0,42.0,2.0,7917.701863354037
26,2014-01-30,300000.0,40.0,2.0,8157.995969957868
27,2014-01-31,340000.0,46.0,2.0,8390.243902439024
28,2014-02-01,327000.0,49.0,2.0,3715.909090909091
29,2014-02-02,420000.0,49.0,2.0,8571.42857142857
30,2014-02-03,312000.0,40.0,2.0,7928.571428571428
31,2014-02-04,346500.0,45.5,2.5,7786.616161616161
32,2014-02-05,302500.0,43.5,2.0,7777.777777777777
33,2014-02-06,346000.0,46.0,2.0,8157.894736842105
34,2014-02-07,341000.0,44.0,2.0,7976.147883124628
35,2014-02-10,352500.0,48.5,2.0,8221.343873517788
36,2014-02-11,276500.0,39.0,2.0,8432.962962962964
37,2014-02-12,275000.0,38.0,2.0,7777.777777777777
38,2014-02-13,310000.0,42.0,2.0,8353.846153846154
39,2014-02-14,330000.0,45.0,2.0,8095.238095238095
40,2014-02-15,205000.0,29.0,1.0,7068.9655172413795
41,2014-02-17,340000.0,42.0,2.0,7750.0
42,2014-02-18,390000.0,48.0,2.0,7950.0
43,2014-02-19,330750.0,45.0,2.0,8027.027027027027
44,2014-02-20,350500.0,49.0,2.0,7970.588235294118
45,2014-02-21,365000.0,47.0,2.0,8333.333333333334
46,2014-02-22,165000.0,35.0,1.0,6450.0
47,2014-02-24,312865.0,39.5,2.0,8347.518018018018
48,2014-02-25,322500.0,44.0,2.0,7892.307692307692
49,2014-02-26,345000.0,44.0,2.0,8153.603603603604
50,2014-02-27,350000.0,43.0,2.0,8082.191780821918
51,2014-02-28,394087.5,50.0,2.0,8333.333333333334
52,2014-03-01,160000.0,32.0,1.0,5555.555555555556
53,2014-03-03,303000.0,43.0,2.0,7960.0
54,2014-03-04,308000.0,39.0,2.0,8418.367346938776
55,2014-03-05,275000.0,39.0,2.0,7848.837209302325
56,2014-03-06,320000.0,44.0,2.0,7957.142857142857
57,2014-03-07,302000.0,41.0,2.0,8173.08
58,2014-03-10,322050.0,42.0,2.0,8000.0
59,2014-03-11,395695.0,46.0,2.5,8255.471380471381
60,2014-03-12,310000.0,39.0,2.0,8108.4262485481995
61,2014-03-13,307750.0,41.0,2.0,8049.147900182593
62,2014-03-14,338500.0,44.0,2.0,8127.021072796935
63,2014-03-15,120000.0,50.0,2.0,6000.0
64,2014-03-17,307400.0,41.0,2.0,8350.20899854862
65,2014-03-18,281000.0,38.0,2.0,8055.555555555556
66,2014-03-19,282930.0,37.0,2.0,8139.400921658986
67,2014-03-20,325000.0,43.0,2.0,8155.555555555556
68,2014-03-21,342500.0,45.0,2.0,8247.173913043478
69,2014-03-22,145000.0,19.0,1.0,8245.0
70,2014-03-24,280000.0,36.0,2.0,7993.058823529412
71,2014-03-25,325000.0,42.0,2.0,8076.923076923077
72,2014-03-26,254000.0,33.0,2.0,7637.648809523809
73,2014-03-27,310000.0,43.5,2.0,8345.238095238095
74,2014-03-28,362500.0,49.5,2.0,8151.183172655566
75,2014-03-29,250000.0,55.0,2.0,4250.0
76,2014-03-30,170000.0,25.0,1.0,6800.0
77,2014-03-31,358000.0,46.0,2.0,7863.432835820896
78,2014-04-01,350000.0,43.5,2.0,8084.239130434782
79,2014-04-02,306500.0,38.0,2.0,8255.76
80,2014-04-03,290000.0,38.0,2.0,8076.923076923077
81,2014-04-04,301500.0,42.0,2.0,8214.285714285714
82,2014-04-05,217500.0,46.5,2.0,7788.271604938272
83,2014-04-06,335000.0,37.0,2.0,9054.054054054053
84,2014-04-07,362500.0,45.5,2.0,8099.673202614379
85,2014-04-08,325000.0,34.0,2.0,8125.0
86,2014-04-09,305250.0,41.0,2.0,7854.444444444444
87,2014-04-10,333333.0,47.0,2.0,8125.0
88,2014-04-11,325000.0,40.0,2.0,7777.777777777777
89,2014-04-12,485000.0,54.0,3.0,8981.481481481482
90,2014-04-14,350000.0,45.0,2.0,8463.414634146342
91,2014-04-15,369000.0,46.0,2.0,8209.090909090908
92,2014-04-16,370000.0,45.0,2.0,8333.333333333334
93,2014-04-17,288000.0,40.0,2.0,7616.666666666667
94,2014-04-18,327525.0,48.0,2.0,7701.992753623188
95,2014-04-19,212500.0,47.0,2.0,5949.27536231884
96,2014-04-22,337500.0,45.0,2.0,8069.073783359498
97,2014-04-23,305000.0,42.0,2.0,8452.380952380952
98,2014-04-24,375000.0,47.0,2.0,8171.428571428572
99,2014-04-25,335000.0,44.0,2.0,7936.363636363636
100,2014-04-26,357000.0,41.0,3.0,8707.317073170732
101,2014-04-28,348400.0,42.5,2.0,8173.986191860466
102,2014-04-29,382500.0,47.5,2.0,7989.36170212766
103,2014-04-30,335000.0,44.0,2.0,8061.224489795918
104,2014-05-02,250000.0,35.0,2.0,8269.23076923077
105,2014-05-05,308720.0,43.0,2.0,8086.95652173913
106,2014-05-06,398000.0,47.0,2.0,8089.285714285715
107,2014-05-07,313750.0,45.0,2.0,7784.722222222223
108,2014-05-09,291500.0,37.0,2.0,6976.7441860465115
109,2014-05-12,362137.0,47.5,2.0,8488.513321995466
110,2014-05-13,370000.0,43.0,2.0,7941.176470588235
111,2014-05-14,362000.0,46.0,2.0,7854.166666666667
112,2014-05-15,352500.0,49.0,2.0,7916.666666666667
113,2014-05-16,360000.0,47.0,2.0,8267.857142857143
114,2014-05-19,340000.0,50.0,2.0,7970.238095238095
115,2014-05-20,290000.0,42.0,2.0,8055.555555555556
116,2014-05-21,304500.0,40.5,2.0,8254.623044096728
117,2014-05-22,265500.0,39.0,2.0,7782.385834109971
118,2014-05-23,332050.0,43.0,2.0,8000.0
119,2014-05-24,700000.0,69.0,4.0,8650.0
120,2014-05-26,334200.0,45.0,2.0,7930.050872093023
121,2014-05-27,363000.0,46.0,2.0,8122.8
122,2014-05-28,350000.0,48.0,2.0,8540.54054054054
123,2014-05-29,1232400.0,88.0,2.0,14004.545454545454
124,2014-05-30,408500.0,58.0,3.0,7959.920394736842
125,2014-05-31,180000.0,22.0,2.0,8181.818181818182
126,2014-06-02,366000.0,45.0,2.0,8160.714285714285
127,2014-06-03,372500.0,46.0,2.0,7988.675958188153
128,2014-06-04,293988.29500000004,38.0,2.0,7805.282555282555
129,2014-06-05,335000.0,43.0,2.0,8166.666666666667
130,2014-06-06,368000.0,50.0,2.0,8093.75
131,2014-06-07,221000.0,31.5,1.5,6797.674418604651
132,2014-06-08,248000.0,29.0,2.0,8551.724137931034
133,2014-06-09,107500.0,18.5,1.5,6232.843137254902
134,2014-06-10,346000.0,45.0,2.0,7964.915992671553
135,2014-06-11,280000.0,35.0,2.0,7954.545454545455
136,2014-06-12,350000.0,43.0,2.0,8147.058823529412
137,2014-06-13,355000.0,45.0,2.0,8137.5
138,2014-06-14,194000.0,27.5,1.5,7097.597597597598
139,2014-06-16,349500.0,45.0,2.0,8462.222222222223
140,2014-06-17,330000.0,43.0,2.0,8157.894736842105
141,2014-06-18,309000.0,43.0,2.0,8025.0
142,2014-06-19,310000.0,47.0,2.0,8098.591549295775
143,2014-06-20,367500.0,48.5,2.0,8220.940170940172
144,2014-06-21,242000.0,29.5,1.5,7844.69696969697
145,2014-06-23,310000.0,38.0,2.0,8125.0
146,2014-06-24,307143.0,42.5,2.0,7785.560344827586
147,2014-06-25,373500.0,48.5,2.0,8723.97435897436
148,2014-06-26,265000.0,36.0,2.0,8021.739130434783
149,2014-06-27,371237.45,47.0,2.0,8169.811320754717
150,2014-06-28,340000.0,46.0,2.0,8066.666666666667
151,2014-06-29,684208.0,84.0,4.0,8145.333333333333
152,2014-06-30,380000.0,50.0,2.0,8255.813953488372
153,2014-07-01,363000.0,47.5,2.0,8293.800539083557
154,2014-07-02,319056.0,43.0,2.0,8666.666666666666
155,2014-07-03,373200.0,47.0,2.0,8750.0
156,2014-07-04,370000.0,48.0,2.0,8000.0
157,2014-07-07,385000.0,50.0,2.0,8357.142857142857
158,2014-07-08,383684.0,49.5,2.0,8257.628294036062
159,2014-07-09,298900.0,41.0,2.0,8159.090909090909
160,2014-07-10,362500.0,48.0,2.0,8409.09090909091
161,2014-07-11,345000.0,43.5,2.0,8195.498595505618
162,2014-07-15,398000.0,48.0,2.0,8361.63101604278
163,2014-07-16,373500.0,42.0,2.0,8450.771281660636
164,2014-07-17,344000.0,46.0,2.0,8178.628389154705
165,2014-07-18,325330.0,46.0,2.0,8181.818181818182
166,2014-07-19,301000.0,56.5,2.0,6151.923076923077
167,2014-07-21,322500.0,46.5,2.0,8146.428571428572
168,2014-07-22,360000.0,45.0,2.0,8478.260869565218
169,2014-07-23,320000.0,43.0,2.0,8289.473684210527
170,2014-07-24,310000.0,45.0,2.0,7844.444444444444
171,2014-07-25,370000.0,44.5,2.0,8464.285714285714
172,2014-07-28,331114.0,47.0,2.0,8039.013732833957
173,2014-07-29,365000.0,50.0,2.0,7976.190476190476
174,2014-07-30,320000.0,45.0,2.0,8336.363636363636
175,2014-07-31,356000.0,46.5,2.0,8116.514012303486
176,2014-08-01,348000.0,50.0,2.0,7892.372881355932
177,2014-08-02,390000.0,47.0,2.0,8297.872340425532
178,2014-08-04,332500.0,44.0,2.0,8109.677419354839
179,2014-08-05,347500.0,40.5,2.0,7709.09757887014
180,2014-08-06,335000.0,43.0,2.0,8018.939393939394
181,2014-08-07,320000.0,43.5,2.0,8118.055555555556
182,2014-08-08,308200.0,40.5,2.0,7893.075980392157
183,2014-08-11,336000.0,46.0,2.0,7838.377192982456
184,2014-08-12,347138.0,41.0,2.0,8072.976744186047
185,2014-08-13,228750.0,35.5,2.0,7757.936507936508
186,2014-08-14,280000.0,35.0,2.0,7955.555555555556
187,2014-08-16,193000.0,65.0,2.0,2969.230769230769
188,2014-08-18,322500.0,40.5,2.0,8508.184143222506
189,2014-08-19,279300.0,37.0,2.0,8121.212121212121
190,2014-08-20,324250.0,49.5,2.0,8178.8175675675675
191,2014-08-21,277000.0,38.0,2.0,8133.333333333333
192,2014-08-22,305000.0,39.0,2.0,8141.911196911196
193,2014-08-23,590000.0,200.0,1.0,2950.0
194,2014-08-25,300000.0,42.0,2.0,7674.418604651163
195,2014-08-26,317050.0,39.5,2.0,8068.445287107259
196,2014-08-27,325310.0,40.0,2.0,8448.426573426572
197,2014-08-28,294500.0,38.0,2.0,8400.0
198,2014-08-29,295000.0,39.0,2.0,8062.5
199,2014-08-30,237500.0,34.5,2.0,7823.920265780731
200,2014-08-31,240000.0,24.0,1.0,8116.216216216217
201,2014-09-01,445000.0,49.5,2.0,8192.948717948719
202,2014-09-02,260435.5,41.5,2.0,8035.185185185185
203,2014-09-03,348000.0,48.0,2.0,8000.0
204,2014-09-04,332750.0,44.0,2.0,8269.346072429773
205,2014-09-05,351000.0,46.0,2.0,8078.039927404719
206,2014-09-06,495000.0,59.0,3.0,7777.777777777777
207,2014-09-08,347500.0,49.5,2.0,7618.382352941177
208,2014-09-09,375000.0,51.0,2.0,7931.0344827586205
209,2014-09-10,334750.0,45.0,2.0,8473.193473193473
210,2014-09-11,305000.0,44.0,2.0,7600.0
211,2014-09-12,341382.5,46.0,2.0,7675.0471401634195
212,2014-09-13,934000.0,106.0,5.0,8811.32075471698
213,2014-09-14,491800.0,57.0,3.0,8628.070175438597
214,2014-09-15,416300.0,53.0,2.0,8017.241379310345
215,2014-09-16,314750.0,39.5,2.0,8210.072463768116
216,2014-09-17,335400.0,50.0,2.0,8108.108108108108
217,2014-09-18,323000.0,45.0,2.0,8095.454545454545
218,2014-09-19,349475.0,41.5,2.0,7942.789968652038
219,2014-09-20,558000.0,50.0,4.0,8409.09090909091
220,2014-09-22,426631.0,53.0,3.0,8275.862068965518
221,2014-09-23,300000.0,39.0,2.0,7692.307692307692
222,2014-09-24,318000.0,43.0,2.0,7794.117647058823
223,2014-09-25,309000.0,42.0,2.0,7593.449477351916
224,2014-09-26,353000.0,45.0,2.0,7905.136363636364
225,2014-09-27,315000.0,40.0,2.0,7750.0
226,2014-09-28,147000.0,22.0,1.0,6681.818181818182
227,2014-09-29,360000.0,43.0,2.0,7978.723404255319
228,2014-09-30,423750.0,50.5,2.0,8240.309200603318
229,2014-10-01,325000.0,44.0,2.0,7875.0
230,2014-10-02,345000.0,50.0,3.0,8153.846153846154
231,2014-10-03,315000.0,42.0,2.0,8181.818181818182
232,2014-10-04,206500.0,27.0,1.0,6842.105263157895
233,2014-10-06,330000.0,42.0,2.0,8461.538461538461
234,2014-10-07,345000.0,49.0,2.0,7747.5728
235,2014-10-08,281750.0,39.0,2.0,8019.2307692307695
236,2014-10-09,313000.0,43.0,2.0,8243.333333333334
237,2014-10-10,393500.0,49.5,2.0,8084.76076555024
238,2014-10-11,310575.0,38.0,2.0,9647.058823529413
239,2014-10-13,365000.0,47.0,2.0,8335.0
240,2014-10-14,281905.0,43.0,2.0,8045.454545454545
241,2014-10-15,358000.0,48.0,2.0,7882.35294117647
242,2014-10-16,252250.0,37.0,2.0,7523.391812865497
243,2014-10-17,390000.0,50.0,2.0,7978.723404255319
244,2014-10-18,545500.0,64.0,3.0,8392.307692307691
245,2014-10-20,362500.0,48.0,2.0,7695.402298850575
246,2014-10-21,238000.0,37.0,2.0,7600.0
247,2014-10-22,301000.0,42.0,2.0,7523.777173913044
248,2014-10-23,285000.0,37.5,2.0,7788.582858950032
249,2014-10-24,374750.0,51.5,3.0,7957.385095939313
250,2014-10-25,320000.0,42.0,2.0,7619.047619047619
251,2014-10-27,285000.0,40.0,2.0,7916.666666666667
252,2014-10-28,280000.0,43.0,2.0,7603.773584905661
253,2014-10-29,323050.0,45.0,2.0,8403.474903474904
254,2014-10-30,356600.0,45.0,2.0,8125.0
255,2014-10-31,323000.0,44.0,2.0,8208.333333333334
256,2014-11-03,295000.0,43.0,2.0,7730.128205128205
257,2014-11-04,286000.0,44.0,2.0,7515.060240963856
258,2014-11-05,320000.0,50.0,2.0,7868.421052631579
259,2014-11-06,310000.0,40.0,2.0,7844.444444444444
260,2014-11-07,330000.0,45.0,2.0,8064.5161290322585
261,2014-11-08,400000.0,52.0,2.0,7692.307692307692
262,2014-11-10,241000.0,39.0,2.0,6885.714285714285
263,2014-11-12,315000.0,44.0,2.0,7708.333333333333
264,2014-11-13,275000.0,43.0,2.0,7962.962962962963
265,2014-11-14,323350.0,45.5,2.0,7866.919191919193
266,2014-11-15,130000.0,27.0,2.0,4814.814814814815
267,2014-11-17,402700.0,45.0,2.0,8594.594594594595
268,2014-11-18,277540.0,38.0,2.0,7636.363636363636
269,2014-11-19,286000.0,39.0,2.0,8187.5
270,2014-11-20,259000.0,36.0,2.0,8104.545454545455
271,2014-11-21,347500.0,46.5,2.0,8250.337837837837
272,2014-11-22,375000.0,47.5,2.0,7639.7949673811745
273,2014-11-24,330700.0,46.0,2.0,8200.0
274,2014-11-25,299250.0,50.0,2.0,7421.875
275,2014-11-26,300000.0,42.0,2.0,8000.0
276,2014-11-27,350000.0,50.0,2.0,8015.217391304348
277,2014-11-28,340000.0,47.5,2.0,7954.153605015674
278,2014-11-29,237500.0,26.0,1.0,9565.656565656565
279,2014-12-01,365000.0,47.5,2.0,8427.197802197803
280,2014-12-02,380000.0,48.0,2.0,8035.0
281,2014-12-03,285000.0,37.0,2.0,8076.923076923077
282,2014-12-04,277500.0,47.5,2.0,7351.92513368984
283,2014-12-05,301500.0,39.0,2.0,7872.685185185185
284,2014-12-06,71500.0,12.0,1.0,5958.333333333333
285,2014-12-08,350000.0,40.0,2.0,7857.142857142857
286,2014-12-09,281500.0,41.0,2.0,7523.584905660377
287,2014-12-10,185500.0,30.5,2.0,7033.333333333334
288,2014-12-11,265000.0,35.0,2.0,8011.842105263158
289,2014-12-12,298950.0,44.0,2.0,7687.5
290,2014-12-13,318625.0,36.5,2.0,9414.67490842491
291,2014-12-15,348500.0,47.0,2.0,8152.5641025641025
292,2014-12-16,373000.0,47.0,2.0,7862.068965517241
293,2014-12-17,298350.0,41.5,2.0,8086.601307189543
294,2014-12-18,276000.0,39.0,2.0,7846.153846153846
295,2014-12-19,345000.0,42.0,2.0,8201.834862385322
296,2014-12-20,300000.0,32.0,2.0,7007.692307692308
297,2014-12-22,342000.0,46.0,2.0,7848.484848484848
298,2014-12-23,348500.0,42.0,2.0,8299.666666666668
299,2014-12-24,259280.0,43.5,2.0,6554.098187947746
300,2014-12-26,219244.0,34.0,1.5,7641.400293255132
301,2014-12-27,518000.0,52.0,3.0,9961.538461538461
302,2014-12-29,305000.0,42.0,2.0,7881.578947368422
303,2014-12-30,335000.0,44.0,2.0,7859.756097560976
304,2014-12-31,265000.0,42.0,2.0,7625.0
305,2015-01-02,275500.0,54.0,2.0,7419.354838709677
306,2015-01-05,446900.0,59.5,3.0,7583.741258741259
307,2015-01-06,347500.0,47.5,2.0,7921.744782349433
308,2015-01-07,387000.0,46.0,2.0,8490.566037735849
309,2015-01-08,302500.0,41.0,2.0,8300.945881226053
310,2015-01-09,303000.0,40.0,2.0,8109.756097560976
311,2015-01-10,240000.0,24.0,1.0,10000.0
312,2015-01-12,280000.0,36.0,2.0,7777.777777777777
313,2015-01-13,320000.0,44.0,2.0,8179.6875
314,2015-01-14,308000.0,36.5,2.0,8045.714285714286
315,2015-01-15,325000.0,42.5,2.0,8066.239316239316
316,2015-01-16,316325.0,41.0,2.0,7985.069444444444
317,2015-01-17,67725.0,39.0,2.0,1736.5384615384614
318,2015-01-19,330000.0,47.5,2.0,8352.380952380952
319,2015-01-20,284950.0,40.0,2.0,7783.156498673739
320,2015-01-21,319750.0,40.0,2.0,7800.367647058823
321,2015-01-22,230000.0,35.0,2.0,7564.102564102564
322,2015-01-23,282000.0,39.0,2.0,7500.0
323,2015-01-24,275000.0,62.0,3.0,6875.0
324,2015-01-26,270000.0,38.5,2.0,7790.917487684728
325,2015-01-27,341750.0,49.0,2.0,7963.188798554652
326,2015-01-28,327400.0,37.0,2.0,8444.444444444445
327,2015-01-29,315000.0,40.5,2.0,7891.111111111111
328,2015-01-30,329208.0,46.0,2.0,7904.035087719298
329,2015-01-31,219956.0,35.5,2.0,6406.0308555399715
330,2015-02-02,335000.0,40.0,2.0,8000.0
331,2015-02-03,365000.0,45.0,2.0,8074.9655172413795
332,2015-02-04,360000.0,46.0,2.0,7452.830188679245
333,2015-02-05,317500.0,39.0,2.0,8067.5777777777785
334,2015-02-06,310500.0,39.0,2.0,7834.096109839817
335,2015-02-07,170000.0,28.5,2.0,5214.285714285714
336,2015-02-08,367888.0,71.0,3.0,5181.521126760564
337,2015-02-09,239750.0,32.5,2.0,7655.075187969925
338,2015-02-10,323010.0,37.5,2.0,7885.1161020175105
339,2015-02-11,380000.0,48.5,2.0,7831.7307692307695
340,2015-02-12,335000.0,45.0,2.0,7980.7692307692305
341,2015-02-13,288000.0,39.0,2.0,8272.727272727272
342,2015-02-14,155000.0,22.0,1.0,7045.454545454545
343,2015-02-16,295150.0,35.5,2.0,7767.0
344,2015-02-17,355000.0,49.0,2.0,8290.322580645161
345,2015-02-18,330000.0,50.0,2.0,7250.0
346,2015-02-19,290000.0,40.0,2.0,7881.863132911392
347,2015-02-20,331166.5,44.0,2.0,8000.0
348,2015-02-21,369850.0,45.0,2.0,8405.681818181818
349,2015-02-23,294000.0,37.0,2.0,7969.69696969697
350,2015-02-24,347000.0,48.0,2.0,8083.333333333333
351,2015-02-25,341000.0,44.5,2.0,8053.997194950912
352,2015-02-26,375000.0,48.0,2.0,8370.289855072464
353,2015-02-27,362500.0,46.0,2.0,8094.017094017094
354,2015-02-28,342500.0,42.5,2.0,8278.571428571428
355,2015-03-02,390500.0,50.5,3.0,8000.0
356,2015-03-03,282000.0,41.0,2.0,7717.391304347826
357,2015-03-04,390000.0,52.0,2.0,7617.1875
358,2015-03-05,288475.0,42.0,2.0,7826.813655761024
359,2015-03-06,354550.0,49.0,2.0,7644.552139037433
360,2015-03-07,305000.0,46.5,1.5,6930.19943019943
361,2015-03-09,285000.0,41.0,2.0,7740.274599542334
362,2015-03-10,492500.0,56.5,3.0,9234.892787524366
363,2015-03-11,293000.0,44.0,2.0,7692.307692307692
364,2015-03-12,300000.0,40.0,2.0,7764.705882352941
365,2015-03-13,334015.0,44.5,2.0,8348.290598290598
366,2015-03-14,885000.0,99.5,2.5,9433.36741649625
367,2015-03-15,296000.0,35.0,2.0,8457.142857142857
368,2015-03-16,363000.0,50.0,2.0,8194.444444444445
369,2015-03-17,305000.0,41.0,2.0,8000.0
370,2015-03-18,297850.0,40.0,2.0,7287.179487179487
371,2015-03-19,348000.0,45.0,2.0,8098.591549295775
372,2015-03-20,319100.0,40.0,2.0,8275.862068965518
373,2015-03-21,710000.0,76.0,3.0,8148.148148148148
374,2015-03-23,281500.0,42.5,2.0,7903.8800705467365
375,2015-03-24,326700.0,41.5,2.0,7821.875
376,2015-03-25,253000.0,36.0,2.0,8000.0
377,2015-03-26,260000.0,36.5,2.0,7875.135975135975
378,2015-03-27,294000.0,40.0,2.0,7812.5
379,2015-03-28,212500.0,32.5,2.0,6980.0
380,2015-03-30,337500.0,43.5,2.0,7911.270161290322
381,2015-03-31,320250.0,40.0,2.0,7818.181818181818
382,2015-04-01,299000.0,43.0,2.0,7891.304347826087
383,2015-04-02,360250.0,46.5,2.0,7756.410256410256
384,2015-04-03,354000.0,44.5,2.0,7834.987593052108
385,2015-04-04,780000.0,86.0,4.0,9069.767441860466
386,2015-04-07,370000.0,53.0,3.0,8032.941176470588
387,2015-04-08,324000.0,46.0,2.0,7735.8490566037735
388,2015-04-09,341750.0,42.0,2.0,7937.925170068027
389,2015-04-10,339400.0,43.0,2.0,7881.944444444444
390,2015-04-11,130000.0,40.0,2.0,6190.476190476191
391,2015-04-13,349000.0,44.0,2.0,8100.0
392,2015-04-14,344580.0,47.0,2.0,8197.222222222223
393,2015-04-15,310000.0,45.0,2.0,7677.419354838709
394,2015-04-16,333000.0,44.0,2.0,7882.5
395,2015-04-17,370000.0,45.5,2.0,7918.333333333334
396,2015-04-18,195000.0,25.0,1.5,10301.724137931034
397,2015-04-20,324500.0,45.5,2.0,7687.617260787993
398,2015-04-21,235233.0,36.0,2.0,7815.079365079365
399,2015-04-22,315000.0,44.0,2.0,8276.595744680852
400,2015-04-23,322500.0,46.5,2.0,7947.368421052632
401,2015-04-24,330250.0,46.5,2.0,8099.891774891776
402,2015-04-25,298038.0,39.5,2.5,7956.232946298985
403,2015-04-27,285000.0,42.0,2.0,7560.5822187254125
404,2015-04-28,360010.0,46.0,2.0,8013.04347826087
405,2015-04-29,320000.0,42.0,2.0,8153.846153846154
406,2015-04-30,366840.0,49.0,2.0,8275.862068965518
407,2015-05-04,347500.0,49.0,2.0,7847.990777338604
408,2015-05-05,359300.0,45.0,2.0,7884.523809523809
409,2015-05-06,345000.0,47.0,2.0,7858.333333333333
410,2015-05-07,325000.0,44.0,2.0,7948.717948717948
411,2015-05-08,390000.0,35.0,2.0,11142.857142857143
412,2015-05-11,335000.0,47.0,2.0,7500.0
413,2015-05-12,288200.0,38.0,2.0,7871.6091954022995
414,2015-05-13,354000.0,47.0,2.0,7861.111111111111
415,2015-05-15,325000.0,46.0,2.0,7558.139534883721
416,2015-05-16,320000.0,34.0,1.5,9194.139194139194
417,2015-05-18,331000.0,41.0,2.0,7804.878048780488
418,2015-05-19,311000.0,43.0,2.0,7554.347826086957
419,2015-05-20,320000.0,41.0,2.0,7733.94495412844
420,2015-05-21,335220.0,45.0,2.0,8000.0
421,2015-05-22,374500.0,49.5,2.0,8312.758310871519
422,2015-05-23,247500.0,31.0,1.0,7983.870967741936
423,2015-05-25,305000.0,40.0,2.0,8421.052631578947
424,2015-05-26,317000.0,43.0,2.0,8055.555555555556
425,2015-05-27,328525.0,45.5,2.0,7722.727272727272
426,2015-05-28,305000.0,40.0,2.0,8058.823529411765
427,2015-05-29,335775.0,45.5,2.0,8056.318681318681
428,2015-05-30,504000.0,64.0,3.0,7500.0
429,2015-06-01,400000.0,47.0,2.0,8148.648648648648
430,2015-06-02,355000.0,45.0,2.0,8073.170731707317
431,2015-06-03,352500.0,44.5,2.0,7926.763650856916
432,2015-06-04,299000.0,42.0,2.0,7615.3125
433,2015-06-05,380000.0,52.0,3.0,8340.0
434,2015-06-06,150000.0,27.0,1.5,6107.954545454545
435,2015-06-08,290600.0,38.0,2.0,7853.126373626374
436,2015-06-09,320000.0,42.0,2.0,7800.0
437,2015-06-10,332525.0,45.0,2.0,7903.250773993808
438,2015-06-11,295000.0,45.0,2.0,7803.738317757009
439,2015-06-12,360000.0,48.0,2.0,7938.811188811189
440,2015-06-13,264000.0,34.5,2.0,7272.837301587302
441,2015-06-14,390000.0,45.0,2.0,8666.666666666666
442,2015-06-15,420000.0,49.0,2.0,8125.0
443,2015-06-16,299000.0,40.0,2.0,7587.209302325582
444,2015-06-17,358000.0,48.0,2.0,7631.578947368421
445,2015-06-18,330000.0,48.0,2.0,7762.71186440678
446,2015-06-19,320400.0,45.0,2.0,7607.142857142857
447,2015-06-20,542800.0,69.0,3.0,7866.666666666667
448,2015-06-21,453000.0,47.0,2.0,9638.297872340425
449,2015-06-22,335000.0,46.0,2.0,7948.717948717948
450,2015-06-23,389500.0,49.5,2.0,8490.47619047619
451,2015-06-24,344000.0,47.0,2.0,8125.0
452,2015-06-25,362300.0,48.0,2.0,7857.142857142857
453,2015-06-26,362250.0,48.0,2.0,8022.857142857143
454,2015-06-27,209000.0,29.0,2.0,7353.365384615385
455,2015-06-28,280000.0,42.0,3.0,6666.666666666667
456,2015-06-29,352000.0,45.0,2.0,8090.384615384615
457,2015-06-30,380850.0,50.0,2.0,8148.171428571428
458,2015-07-01,367250.0,48.0,2.0,8071.984265734266
459,2015-07-02,321000.0,46.5,2.0,8011.429225836006
460,2015-07-03,330000.0,46.0,2.0,8214.285714285714
461,2015-07-04,347500.0,41.0,2.0,7777.777777777777
462,2015-07-06,345500.0,47.0,2.0,7661.55758077879
463,2015-07-07,335000.0,48.0,2.0,7903.225806451613
464,2015-07-08,335000.0,45.0,2.0,7678.571428571428
465,2015-07-09,350000.0,48.0,2.0,7948.717948717948
466,2015-07-10,390000.0,49.0,2.0,8087.595907928388
467,2015-07-11,313000.0,40.0,2.5,7558.823529411765
468,2015-07-13,175480.0,36.0,2.0,6575.0
469,2015-07-15,311000.0,42.5,2.0,8152.199074074074
470,2015-07-16,410350.0,52.0,2.5,8201.791158536585
471,2015-07-17,352700.0,45.0,2.0,8252.906976744187
472,2015-07-18,221200.0,32.0,2.5,7384.795321637427
473,2015-07-19,125000.0,19.0,1.0,6578.9473684210525
474,2015-07-20,339000.0,47.0,2.0,7955.51724137931
475,2015-07-21,297500.0,40.0,2.0,7809.802055576703
476,2015-07-22,336850.0,42.0,2.0,8388.88888888889
477,2015-07-23,395000.0,50.0,2.0,8500.0
478,2015-07-24,330000.0,43.0,2.0,8000.0
479,2015-07-25,334500.0,46.0,2.0,8483.082706766916
480,2015-07-27,420325.0,53.0,3.0,8238.985655737706
481,2015-07-28,380185.0,50.0,2.0,8008.064516129032
482,2015-07-29,370000.0,50.0,2.0,8000.0
483,2015-07-30,392000.0,50.0,2.0,8607.692307692309
484,2015-07-31,365000.0,44.0,2.0,8055.555555555556
485,2015-08-01,373000.0,52.0,3.0,8560.975609756097
486,2015-08-03,302000.0,42.0,2.0,8166.666666666667
487,2015-08-04,307262.0,44.0,2.0,7632.867132867133
488,2015-08-05,340000.0,43.5,2.0,7635.690789473684
489,2015-08-06,308000.0,39.0,2.0,7977.272727272728
490,2015-08-07,348000.0,45.0,2.0,8359.864864864865
491,2015-08-10,315500.0,48.0,2.0,8319.734829168792
492,2015-08-11,370000.0,43.5,2.0,7680.069124423963
493,2015-08-12,376452.5,59.5,3.0,8239.212007504691
494,2015-08-13,341000.0,42.0,2.0,7930.232558139535
495,2015-08-14,385000.0,54.0,2.0,7872.463768115942
496,2015-08-17,281250.0,33.0,2.0,8378.577919127669
497,2015-08-18,295000.0,49.0,2.0,7964.767616191904
498,2015-08-19,302850.0,43.0,2.0,8330.43844426624
499,2015-08-20,292600.0,42.0,2.0,7625.854993160055
500,2015-08-21,300650.0,43.5,2.0,7905.2238805970155
501,2015-08-24,365000.0,45.0,2.0,8342.857142857143
502,2015-08-25,350500.0,48.5,2.0,8044.127190136275
503,2015-08-26,380000.0,48.0,2.0,8125.0
504,2015-08-27,373000.0,45.5,2.5,8391.176470588234
505,2015-08-28,335000.0,46.0,2.0,7819.452380952381
506,2015-08-29,333500.0,34.5,2.0,7626.811594202898
507,2015-08-31,386850.0,48.0,2.0,8107.236684977312
508,2015-09-01,370000.0,47.0,2.0,8157.894736842105
509,2015-09-02,361500.0,43.5,2.0,8056.644880174292
510,2015-09-03,315500.0,43.0,2.0,7944.444444444444
511,2015-09-04,395000.0,48.0,2.0,8250.0
512,2015-09-05,253000.0,36.0,2.0,7933.333333333333
513,2015-09-06,632500.0,73.0,3.0,8664.383561643835
514,2015-09-07,370000.0,45.0,2.0,8039.21568627451
515,2015-09-08,319000.0,45.0,2.0,7785.9477124183
516,2015-09-09,346500.0,43.0,2.0,8107.217030114227
517,2015-09-10,327775.0,44.0,2.0,8390.251572327044
518,2015-09-11,338750.0,46.5,2.0,8000.0
519,2015-09-12,196000.0,30.0,1.5,8663.29625884732
520,2015-09-14,310000.0,42.0,2.0,8113.636363636364
521,2015-09-15,391000.0,51.0,2.0,8172.663476874003
522,2015-09-16,310405.0,41.5,2.0,7802.777777777777
523,2015-09-17,325000.0,45.0,2.0,8000.0
524,2015-09-18,358000.0,46.0,2.0,7976.237623762377
525,2015-09-19,381000.0,41.5,2.0,8577.19298245614
526,2015-09-20,180000.0,23.0,1.0,7826.086956521739
527,2015-09-21,291000.0,38.0,2.0,8000.0
528,2015-09-22,338000.0,42.0,2.0,8466.666666666666
529,2015-09-23,310330.0,43.0,2.0,7833.333333333333
530,2015-09-24,292850.0,38.5,2.0,7991.071428571428
531,2015-09-25,320000.0,43.0,2.0,7896.982758620689
532,2015-09-26,620000.0,49.0,3.0,12653.061224489797
533,2015-09-28,339125.0,44.0,2.0,8056.823752228163
534,2015-09-29,337000.0,42.0,2.0,7950.0
535,2015-09-30,358060.0,46.5,2.0,8092.553191489362
536,2015-10-01,327500.0,45.0,2.0,7989.328063241106
537,2015-10-02,340000.0,45.0,2.0,8111.111111111111
538,2015-10-03,372000.0,54.5,3.0,6591.758241758242
539,2015-10-05,325000.0,50.0,2.0,8138.297872340426
540,2015-10-06,351000.0,43.0,2.0,7851.214094449853
541,2015-10-07,345000.0,45.0,2.0,8160.31746031746
542,2015-10-08,329500.0,44.0,2.0,8044.194084615385
543,2015-10-09,301500.0,40.5,2.0,7901.452850877193
544,2015-10-10,318750.0,51.0,2.5,6351.343101343102
545,2015-10-12,359050.0,45.0,2.0,7894.088669950739
546,2015-10-13,312500.0,46.5,2.0,8157.407407407407
547,2015-10-14,311000.0,42.0,2.0,8214.285714285714
548,2015-10-15,330000.0,42.0,2.0,7954.545454545455
549,2015-10-16,363950.0,49.5,2.0,7775.931677018634
550,2015-10-17,657500.0,89.0,3.0,7675.0
551,2015-10-18,206000.0,28.0,2.0,7357.142857142857
552,2015-10-19,344800.0,45.0,2.0,8158.808479532164
553,2015-10-20,281500.0,45.0,2.0,7520.408163265306
554,2015-10-21,297000.0,42.0,2.0,8064.5161290322585
555,2015-10-22,362000.0,45.0,2.0,8169.047619047619
556,2015-10-23,341975.0,44.0,2.0,8396.19143916414
557,2015-10-26,316800.0,44.5,2.0,8141.935483870968
558,2015-10-27,418150.0,46.0,2.5,8241.358399029716
559,2015-10-28,315000.0,42.0,2.0,7876.1061946902655
560,2015-10-29,330000.0,43.0,2.0,7881.944444444444
561,2015-10-30,367925.0,47.0,2.0,8167.180277349769
562,2015-10-31,327500.0,39.0,2.0,7919.644680416583
563,2015-11-02,335000.0,44.0,2.0,7802.631578947368
564,2015-11-03,307000.0,42.0,2.0,7961.666666666667
565,2015-11-04,319000.0,40.0,2.0,8144.132653061224
566,2015-11-05,342950.0,44.0,2.0,7984.04255319149
567,2015-11-06,350719.5,44.0,2.0,7905.531609195403
568,2015-11-07,210000.0,32.5,1.5,6937.710437710437
569,2015-11-08,225000.0,22.0,2.0,10227.272727272728
570,2015-11-09,362500.0,46.5,2.0,8134.264232008592
571,2015-11-10,305000.0,44.5,2.0,7926.388888888889
572,2015-11-12,345000.0,45.0,2.0,7692.307692307692
573,2015-11-13,340000.0,44.0,2.0,8041.476407914764
574,2015-11-14,285000.0,25.0,1.0,12200.0
575,2015-11-16,286000.0,38.0,2.0,7717.96875
576,2015-11-17,276000.0,37.0,2.0,8000.0
577,2015-11-18,297500.0,44.0,2.0,8106.603773584906
578,2015-11-19,272000.0,39.0,2.0,7647.058823529412
579,2015-11-20,297500.0,38.0,2.0,7982.34693877551
580,2015-11-21,270000.0,31.0,1.5,8948.75
581,2015-11-23,340619.5,45.5,2.0,7901.612903225807
582,2015-11-24,290000.0,38.0,2.0,8236.842105263158
583,2015-11-25,314000.0,41.0,2.0,8142.857142857143
584,2015-11-26,311180.0,40.0,2.0,7900.51282051282
585,2015-11-27,315000.0,41.0,2.0,8066.666666666667
586,2015-11-28,192000.0,24.5,1.5,9391.917293233084
587,2015-11-30,340000.0,45.0,2.0,8086.614173228347
588,2015-12-01,315500.0,40.0,2.0,8223.684210526315
589,2015-12-02,320000.0,44.0,2.0,7720.588235294118
590,2015-12-03,295000.0,42.0,2.0,7933.333333333333
591,2015-12-04,325000.0,40.0,2.0,8110.869565217391
592,2015-12-05,315050.0,42.5,2.0,6799.357945425361
593,2015-12-06,55000.0,82.0,3.0,670.7317073170732
594,2015-12-07,337300.0,40.5,2.0,7989.36170212766
595,2015-12-08,245000.0,38.0,2.0,8148.148148148148
596,2015-12-09,298000.0,39.5,2.0,7738.636363636364
597,2015-12-10,311940.0,40.5,2.0,8096.0960960960965
598,2015-12-11,285500.0,36.0,2.0,7854.711751662971
599,2015-12-12,321075.0,36.5,2.0,9874.159663865546
600,2015-12-14,315500.0,43.0,2.0,8082.841653027823
601,2015-12-15,340000.0,43.0,2.0,8470.588235294117
602,2015-12-16,333650.0,45.5,2.0,8020.007209805335
603,2015-12-17,358200.0,47.0,2.0,8175.0
604,2015-12-18,371250.0,48.0,2.0,8224.644461077845
605,2015-12-19,200000.0,30.0,1.0,6923.076923076923
606,2015-12-21,350000.0,44.0,2.0,8250.0
607,2015-12-22,356359.0,47.0,2.0,8154.761904761905
608,2015-12-23,360000.0,49.0,2.0,8064.922480620155
609,2015-12-24,314250.0,38.0,2.0,8273.291925465839
610,2015-12-25,2500000.0,273.0,5.0,9157.509157509157
611,2015-12-28,332000.0,44.0,2.0,8153.846153846154
612,2015-12-29,350000.0,46.0,2.0,8152.173913043478
613,2015-12-30,360000.0,45.0,2.0,8125.0
614,2015-12-31,385000.0,48.0,2.0,7891.891891891892
615,2016-01-02,100000.0,26.0,2.0,3846.153846153846
616,2016-01-04,307500.0,48.0,2.0,7660.904255319148
617,2016-01-05,370000.0,42.0,2.0,8155.737704918033
618,2016-01-06,240000.0,29.0,1.0,8333.333333333334
619,2016-01-07,302250.0,43.0,2.0,8234.04255319149
620,2016-01-08,280000.0,38.0,2.0,7933.333333333333
621,2016-01-09,290000.0,38.0,2.0,7631.578947368421
622,2016-01-11,298500.0,38.0,2.0,7855.263157894737
623,2016-01-12,278605.0,36.5,2.0,7117.063492063492
624,2016-01-13,380000.0,45.0,2.0,7890.909090909091
625,2016-01-14,283000.0,34.5,2.0,7949.468085106383
626,2016-01-15,337500.0,47.5,2.0,7833.417402269861
627,2016-01-16,255000.0,35.0,2.0,9807.692307692309
628,2016-01-17,412000.0,59.0,3.0,6983.050847457627
629,2016-01-18,267500.0,37.0,2.0,7400.0
630,2016-01-19,255550.0,35.0,2.0,7586.206896551724
631,2016-01-20,291000.0,38.0,2.0,7729.495614035088
632,2016-01-21,296960.0,42.0,2.0,7916.666666666667
633,2016-01-22,298800.0,43.0,2.0,7686.291000841044
634,2016-01-23,475000.0,52.0,3.0,9134.615384615385
635,2016-01-25,324500.0,41.0,2.0,7812.5
636,2016-01-26,294000.0,38.5,2.0,7915.0
637,2016-01-27,260000.0,40.0,2.0,7645.833333333333
638,2016-01-28,297250.0,36.0,2.0,8342.490842490843
639,2016-01-29,344612.5,42.0,2.0,8360.111662531017
640,2016-01-30,432700.0,50.5,3.0,8452.347417840376
641,2016-02-01,370710.0,45.0,2.0,7953.629032258064
642,2016-02-02,337500.0,45.5,2.0,8350.61919504644
643,2016-02-03,300000.0,40.0,2.0,8428.57142857143
644,2016-02-04,295000.0,39.0,2.0,7941.176470588235
645,2016-02-05,291000.0,36.0,2.0,8000.0
646,2016-02-06,343950.0,32.5,1.0,7634.032634032634
647,2016-02-08,390500.0,48.0,2.0,7695.217917675545
648,2016-02-09,284000.0,41.0,2.0,7527.777777777777
649,2016-02-10,312500.0,44.0,2.0,7449.064449064449
650,2016-02-11,286000.0,40.0,2.0,8000.0
651,2016-02-12,320000.0,39.0,2.0,8097.826086956522
652,2016-02-13,370000.0,41.0,2.0,9024.390243902439
653,2016-02-15,351435.6,45.0,2.0,7882.35294117647
654,2016-02-16,356600.0,45.0,2.0,7750.0
655,2016-02-17,330000.0,43.0,2.0,8066.666666666667
656,2016-02-18,404000.0,50.0,2.0,8064.5161290322585
657,2016-02-19,327500.0,45.0,2.0,8129.439728353142
658,2016-02-20,154125.0,33.5,1.5,5336.996336996337
659,2016-02-22,312005.0,45.5,2.0,7598.0392156862745
660,2016-02-23,369000.0,48.5,2.0,8165.38789428815
661,2016-02-24,350000.0,45.0,2.0,7898.550724637681
662,2016-02-25,376000.0,42.0,2.0,7834.01325854156
663,2016-02-26,368055.0,47.0,2.0,8220.338983050848
664,2016-02-27,204980.0,30.0,2.0,7591.851851851852
665,2016-02-29,400000.0,50.0,2.0,8525.511111111111
666,2016-03-01,347500.0,48.0,3.0,7673.529411764706
667,2016-03-02,240000.0,30.0,2.0,7775.0
668,2016-03-03,286500.0,40.0,2.0,7654.320987654321
669,2016-03-04,302600.0,43.5,2.0,7715.920634920635
670,2016-03-05,280000.0,31.0,2.0,8280.0
671,2016-03-07,370000.0,49.0,2.0,8375.0
672,2016-03-08,335000.0,44.0,2.0,7777.777777777777
673,2016-03-09,338500.0,47.5,2.0,7853.618421052632
674,2016-03-10,300000.0,37.0,2.0,7666.908563134978
675,2016-03-11,293750.0,39.5,2.0,7825.168918918918
676,2016-03-12,130000.0,28.0,2.0,7071.428571428572
677,2016-03-14,323322.5,42.0,2.0,7744.693675889328
678,2016-03-15,350300.0,47.0,2.0,8076.923076923077
679,2016-03-16,300000.0,38.0,2.0,8000.0
680,2016-03-17,280000.0,39.0,2.0,7849.358974358975
681,2016-03-18,324000.0,41.5,2.0,8110.119047619048
682,2016-03-19,235350.0,28.0,2.0,7718.75
683,2016-03-20,1030000.0,100.0,4.0,10300.0
684,2016-03-21,335000.0,40.0,2.0,8222.222222222223
685,2016-03-22,336000.0,43.0,2.0,7939.3877551020405
686,2016-03-23,309230.0,40.0,2.0,7607.600732600733
687,2016-03-24,343500.0,45.0,2.0,7770.0
688,2016-03-25,312000.0,39.5,2.0,8055.218216318786
689,2016-03-26,330000.0,43.0,2.0,7674.418604651163
690,2016-03-29,336000.0,44.0,2.0,7986.111111111111
691,2016-03-30,395000.0,59.0,2.0,7735.686274509804
692,2016-03-31,368800.0,46.0,2.0,8131.7307692307695
693,2016-04-01,313000.0,39.0,2.0,8038.461538461538
694,2016-04-02,220000.0,32.0,1.0,8461.538461538461
695,2016-04-03,634000.0,60.0,3.0,10566.666666666666
696,2016-04-04,318000.0,45.0,2.0,8230.453296703297
697,2016-04-05,360000.0,45.0,2.0,8033.70786516854
698,2016-04-06,301450.0,40.0,2.0,8055.714285714286
699,2016-04-07,364500.0,46.0,2.0,8035.714285714286
700,2016-04-08,344000.0,40.0,2.0,8285.714285714286
701,2016-04-09,145000.0,31.0,1.5,6027.96052631579
702,2016-04-11,330000.0,44.0,2.0,7784.615384615385
703,2016-04-12,340240.0,43.0,2.0,8571.42857142857
704,2016-04-13,358000.0,49.0,2.0,7914.285714285715
705,2016-04-14,299000.0,42.5,2.0,7856.060606060606
706,2016-04-15,391750.0,51.0,2.0,8474.424552429668
707,2016-04-16,260000.0,28.0,1.0,9285.714285714286
708,2016-04-18,390000.0,52.0,2.0,8061.224489795918
709,2016-04-19,312000.0,39.5,2.0,8227.879633320048
710,2016-04-20,375000.0,51.0,2.0,8198.924731182797
711,2016-04-21,335000.0,45.0,2.0,7770.27027027027
712,2016-04-22,316250.0,37.0,2.0,8281.190476190477
713,2016-04-23,180000.0,22.0,1.0,8181.818181818182
714,2016-04-25,345000.0,51.0,2.0,8376.2
715,2016-04-26,330800.0,37.0,2.0,8214.25925925926
716,2016-04-27,305000.0,40.0,2.0,7995.51724137931
717,2016-04-28,364000.0,50.0,2.0,8000.0
718,2016-04-29,385000.0,48.0,2.0,8390.909090909092
719,2016-04-30,303320.0,33.0,2.0,8833.333333333334
720,2016-05-02,385700.0,48.0,2.0,8313.207547169812
721,2016-05-03,356050.0,51.5,2.0,8000.0
722,2016-05-04,350000.0,48.0,3.0,7962.1621621621625
723,2016-05-06,355000.0,53.0,2.0,6979.166666666667
724,2016-05-07,190000.0,35.0,2.0,5428.571428571428
725,2016-05-09,289000.0,36.0,2.0,8061.111111111111
726,2016-05-10,355000.0,45.5,2.0,8050.115207373272
727,2016-05-11,305000.0,40.0,2.0,8021.286231884058
728,2016-05-12,345000.0,47.0,2.0,8261.538461538461
729,2016-05-13,375000.0,47.0,2.0,8231.034482758621
730,2016-05-14,210000.0,27.0,2.0,7300.0
731,2016-05-16,406000.0,51.0,3.0,8076.923076923077
732,2016-05-17,320000.0,40.0,2.0,8230.0
733,2016-05-18,320000.0,42.0,2.0,7879.310344827586
734,2016-05-19,350000.0,45.5,2.0,8294.413057124922
735,2016-05-20,379000.0,49.0,2.0,8020.833333333333
736,2016-05-21,193500.0,31.0,2.0,6039.141414141414
737,2016-05-23,346000.0,41.5,2.0,8295.107033639144
738,2016-05-24,307500.0,44.5,2.0,7771.428571428572
739,2016-05-25,290000.0,40.0,2.0,7735.294117647059
740,2016-05-26,347000.0,45.0,2.0,8102.236842105263
741,2016-05-27,345000.0,43.0,2.0,8340.77380952381
742,2016-05-28,330000.0,51.0,2.0,8540.384615384615
743,2016-05-29,120383.70999999999,20.0,1.5,5953.51746803069
744,2016-05-30,347000.0,40.0,2.0,8293.75
745,2016-05-31,395500.0,48.0,2.0,8065.610598770382
746,2016-06-01,331000.0,40.5,2.0,8430.76923076923
747,2016-06-02,305000.0,39.0,2.0,8294.940476190477
748,2016-06-03,377500.0,47.0,2.0,8409.651669085632
749,2016-06-04,528000.0,53.5,2.5,8680.43165467626
750,2016-06-06,350000.0,44.0,2.0,8328.947368421053
751,2016-06-07,305000.0,44.0,2.0,7857.142857142857
752,2016-06-08,330870.0,42.0,2.0,8009.9009900990095
753,2016-06-09,325000.0,40.0,2.0,8182.608695652174
754,2016-06-10,343500.0,43.0,2.0,8125.0
755,2016-06-11,274240.0,27.5,2.0,10444.321705426355
756,2016-06-13,407500.0,46.0,2.0,8333.333333333334
757,2016-06-14,371100.0,45.0,2.0,8167.552334943639
758,2016-06-15,370500.0,50.0,2.0,8135.817307692308
759,2016-06-16,320750.0,39.5,2.0,8600.0
760,2016-06-17,338500.0,45.0,2.0,8250.0
761,2016-06-18,430800.0,47.5,3.0,8998.10336652442
762,2016-06-19,830000.0,92.0,4.0,9021.739130434782
763,2016-06-20,356500.0,45.5,2.0,8304.597701149425
764,2016-06-21,340000.0,42.0,2.0,8333.333333333334
765,2016-06-22,357000.0,48.0,2.0,8299.0
766,2016-06-23,325800.0,42.0,2.0,8055.865384615385
767,2016-06-24,317900.0,40.0,2.0,7973.986486486487
768,2016-06-25,250000.0,22.0,1.0,11024.0
769,2016-06-27,390000.0,49.5,2.0,8250.695467190313
770,2016-06-28,336000.0,45.0,2.0,8277.777777777777
771,2016-06-29,340000.0,43.0,2.0,8508.933787731256
772,2016-06-30,396500.0,49.5,3.0,8224.789915966387
773,2016-07-01,376000.0,48.0,2.0,8250.0
774,2016-07-02,59500.0,41.5,2.0,2247.6190476190477
775,2016-07-04,380000.0,48.0,2.0,8550.0
776,2016-07-05,340000.0,47.0,2.0,8250.0
777,2016-07-06,322750.0,40.0,2.0,8348.484848484848
778,2016-07-07,374050.0,44.0,2.0,8140.974967061924
779,2016-07-08,386000.0,49.0,3.0,8437.5
780,2016-07-09,332350.0,45.0,2.5,7678.571428571428
781,2016-07-10,390000.0,78.0,4.0,5000.0
782,2016-07-11,373000.0,45.0,2.0,8274.347826086956
783,2016-07-12,375500.0,48.5,2.0,8495.283018867925
784,2016-07-13,387350.0,50.0,2.0,8015.789473684211
785,2016-07-15,245274.45,38.0,2.0,7142.857142857143
786,2016-07-16,230000.0,20.0,1.0,11500.0
787,2016-07-18,446000.0,56.0,3.0,7906.25
788,2016-07-19,399250.0,50.0,2.0,8235.416666666666
789,2016-07-20,360000.0,44.5,2.0,8123.098039215686
790,2016-07-21,361452.5,46.0,2.0,8452.380952380952
791,2016-07-22,362000.0,47.5,2.0,8297.058823529413
792,2016-07-23,169000.0,19.5,1.0,8707.236842105263
793,2016-07-25,345000.0,45.0,2.0,8372.294372294373
794,2016-07-26,350000.0,46.0,2.0,8169.298507462687
795,2016-07-27,355835.0,46.0,2.0,8350.339366515836
796,2016-07-28,340142.5,41.5,2.0,8186.206896551725
797,2016-07-29,400000.0,51.0,2.0,8571.42857142857
798,2016-07-30,249000.0,33.5,1.5,6276.643990929705
799,2016-08-01,400000.0,49.0,3.0,8333.333333333334
800,2016-08-02,327154.0,49.0,2.0,8200.0
801,2016-08-03,398950.0,47.0,2.0,8355.570291777189
802,2016-08-04,364800.0,49.0,2.0,8339.175257731958
803,2016-08-05,300000.0,40.0,2.0,7777.777777777777
804,2016-08-06,350970.0,52.5,1.5,7649.666666666666
805,2016-08-08,287720.0,35.0,2.0,8640.0
806,2016-08-09,247000.0,36.0,2.0,7925.0
807,2016-08-10,287280.0,35.0,2.0,8200.766283524905
808,2016-08-11,298500.0,41.0,2.0,7820.51282051282
809,2016-08-12,342500.0,42.0,2.0,7687.5
810,2016-08-13,570000.0,61.0,4.0,8776.315789473685
811,2016-08-16,350000.0,45.0,2.0,8233.333333333334
812,2016-08-17,370000.0,50.0,2.0,8332.911392405063
813,2016-08-18,350000.0,49.0,2.0,7973.8317757009345
814,2016-08-19,354125.0,44.0,2.0,7859.748243559719
815,2016-08-22,355000.0,43.0,2.0,8288.288288288288
816,2016-08-23,335487.0,42.0,2.0,8775.0
817,2016-08-24,353000.0,43.0,2.0,8589.74358974359
818,2016-08-25,408000.0,48.0,3.0,8042.241379310345
819,2016-08-26,316500.0,40.0,2.0,8320.60606060606
820,2016-08-27,140000.0,23.0,2.0,8295.454545454546
821,2016-08-29,380000.0,46.0,2.0,8809.52380952381
822,2016-08-30,357500.0,44.0,2.0,8226.136363636364
823,2016-08-31,403250.0,46.0,2.0,8625.874125874125
824,2016-09-01,340000.0,44.0,2.0,8340.90909090909
825,2016-09-02,351640.0,44.5,2.0,8322.816399286989
826,2016-09-03,210000.0,24.0,1.0,10000.0
827,2016-09-05,365000.0,42.0,2.0,8253.012048192772
828,2016-09-06,397500.0,45.0,2.0,8556.547619047618
829,2016-09-07,354422.5,45.0,2.0,8526.152482269503
830,2016-09-08,320000.0,42.0,2.0,8166.666666666667
831,2016-09-09,346035.86,42.0,2.0,8330.459770114943
832,2016-09-10,175000.0,22.0,1.0,9588.235294117647
833,2016-09-12,338750.0,43.0,2.0,8483.333333333332
834,2016-09-13,339400.0,44.0,2.0,8144.791666666666
835,2016-09-14,326500.0,42.0,2.0,8111.111111111111
836,2016-09-15,365000.0,48.0,2.0,8086.419753086419
837,2016-09-16,338600.0,44.5,2.0,8378.968253968254
838,2016-09-17,190008.0,38.0,2.0,4750.2
839,2016-09-19,314000.0,41.0,2.0,8651.428571428572
840,2016-09-20,375750.0,42.0,2.0,8462.301587301587
841,2016-09-21,310000.0,42.0,2.0,7998.181818181818
842,2016-09-22,348438.0,42.0,2.0,8282.540675844806
843,2016-09-23,350000.0,45.0,2.0,8453.125
844,2016-09-24,312990.0,30.0,2.0,5366.666666666667
845,2016-09-25,289200.0,39.0,2.0,7415.384615384615
846,2016-09-26,351875.0,45.5,2.0,8308.175033921303
847,2016-09-27,320000.0,40.0,2.0,8333.333333333334
848,2016-09-28,360350.0,45.0,2.0,8450.352112676057
849,2016-09-29,350000.0,42.0,2.0,8265.625
850,2016-09-30,357500.0,44.0,2.0,8419.146825396827
851,2016-10-01,179000.0,51.0,3.0,6242.788461538461
852,2016-10-02,526177.0,56.5,3.0,7703.359195402299
853,2016-10-03,370000.0,45.0,2.0,8487.80487804878
854,2016-10-04,323411.5,41.5,2.0,8233.333333333332
855,2016-10-05,320000.0,40.0,2.0,8588.039867109634
856,2016-10-06,360000.0,46.0,2.0,8770.0
857,2016-10-07,365000.0,43.0,2.0,8518.518518518518
858,2016-10-08,325000.0,47.0,3.0,6914.893617021276
859,2016-10-10,330000.0,40.0,2.0,8520.0
860,2016-10-11,365000.0,48.0,2.0,8510.63829787234
861,2016-10-12,297000.0,38.0,2.0,8390.748587570622
862,2016-10-13,322000.0,38.0,2.0,8473.684210526315
863,2016-10-14,336875.0,45.5,2.0,8442.887931034482
864,2016-10-15,271000.0,33.0,2.0,6742.424242424242
865,2016-10-17,326000.0,39.5,2.0,8551.28205128205
866,2016-10-18,355000.0,46.0,2.0,8323.529411764706
867,2016-10-19,305870.0,35.0,2.0,8636.363636363636
868,2016-10-20,337500.0,44.0,2.0,8037.373737373738
869,2016-10-21,330000.0,41.0,2.0,8375.824175824175
870,2016-10-22,343175.0,40.0,2.5,8366.818181818182
871,2016-10-24,345000.0,44.5,2.0,8581.092929292929
872,2016-10-25,385000.0,44.0,2.0,8392.857142857143
873,2016-10-26,320900.0,42.0,2.0,8055.555555555556
874,2016-10-27,354000.0,45.0,2.0,8464.444444444445
875,2016-10-28,380200.0,49.0,2.0,8545.454545454546
876,2016-10-29,169625.0,38.0,2.5,3367.5523349436394
877,2016-10-31,289500.0,41.0,2.0,8169.047619047618
878,2016-11-02,364997.5,42.0,2.0,8503.445305770887
879,2016-11-03,348000.0,44.5,2.0,8350.191570881227
880,2016-11-04,305000.0,41.0,2.0,8233.333333333334
881,2016-11-05,725000.0,101.0,4.0,7178.217821782178
882,2016-11-07,340000.0,45.0,2.0,8275.862068965518
883,2016-11-08,389500.0,48.0,2.0,8360.0
884,2016-11-09,323000.0,42.5,2.0,8135.667271025852
885,2016-11-10,398000.0,48.0,2.0,8750.0
886,2016-11-11,213000.0,27.0,2.0,7888.888888888889
887,2016-11-12,764250.0,77.5,3.5,10300.0
888,2016-11-14,405000.0,53.0,3.0,8409.574468085106
889,2016-11-15,362000.0,49.0,2.0,8703.703703703704
890,2016-11-16,366250.0,44.0,2.0,9015.151515151516
891,2016-11-17,317500.0,45.0,2.0,7567.482736974262
892,2016-11-18,332675.0,43.0,2.0,8085.0
893,2016-11-19,243180.0,28.0,2.0,9130.434782608696
894,2016-11-21,300000.0,41.0,2.0,7900.0
895,2016-11-22,280000.0,34.0,2.0,8677.795193312435
896,2016-11-23,300000.0,41.0,2.0,7989.7959183673465
897,2016-11-24,275500.0,35.0,2.0,8645.833333333334
898,2016-11-25,270530.0,37.0,2.0,7826.086956521739
899,2016-11-26,310000.0,35.0,2.0,8689.655172413793
900,2016-11-28,350000.0,45.5,2.0,8260.011551790527
901,2016-11-29,320000.0,41.5,2.0,8353.333333333334
902,2016-11-30,321850.0,40.0,2.0,8439.639639639641
903,2016-12-01,350000.0,46.0,2.0,8241.891891891892
904,2016-12-02,307000.0,38.5,2.0,8260.0
905,2016-12-03,170000.0,25.0,2.0,4996.875
906,2016-12-04,217500.0,36.5,2.0,7037.878787878788
907,2016-12-05,350000.0,44.0,2.0,8337.39837398374
908,2016-12-06,346310.0,44.0,2.0,8534.900284900285
909,2016-12-07,285000.0,38.0,2.0,8200.135501355013
910,2016-12-08,310000.0,41.5,2.0,8264.615384615385
911,2016-12-09,372500.0,45.0,2.0,8652.70413573701
912,2016-12-10,104550.0,38.5,2.0,2332.7027027027025
913,2016-12-12,292000.0,40.0,2.0,8138.954248366013
914,2016-12-13,329000.0,45.0,2.0,8133.083333333333
915,2016-12-14,331852.5,38.0,2.0,8705.822742474917
916,2016-12-15,400000.0,52.0,3.0,8461.538461538461
917,2016-12-16,340000.0,42.0,2.0,8174.137931034483
918,2016-12-17,182500.0,36.0,2.0,5795.195195195195
919,2016-12-18,270000.0,34.0,2.0,7941.176470588235
920,2016-12-19,367700.0,45.0,2.0,8252.763157894737
921,2016-12-20,367500.0,45.0,2.0,8571.42857142857
922,2016-12-21,361000.0,43.0,2.0,8661.016949152543
923,2016-12-22,322300.0,40.0,2.0,8314.09090909091
924,2016-12-23,346000.0,43.0,2.0,8281.25
925,2016-12-26,234000.0,34.0,2.0,7958.333333333333
926,2016-12-27,331300.0,40.0,2.0,8474.0
927,2016-12-28,310000.0,41.0,2.0,8213.492063492064
928,2016-12-29,355240.0,48.5,2.0,8158.806818181818
929,2016-12-30,328700.0,45.0,2.0,8483.870967741936
930,2016-12-31,424900.0,54.0,2.0,6219.047619047619
931,2017-01-02,455000.0,53.5,3.0,8699.363636363636
932,2017-01-03,430000.0,53.0,2.0,8679.245283018869
933,2017-01-04,300000.0,41.0,2.0,7899.749373433584
934,2017-01-05,349500.0,41.0,2.0,8456.521739130434
935,2017-01-06,304500.0,38.0,2.0,8651.344797178132
936,2017-01-09,378500.0,49.0,2.0,8435.084033613446
937,2017-01-10,335130.0,46.0,2.0,8647.058823529413
938,2017-01-11,352500.0,45.5,2.0,8218.75
939,2017-01-12,324900.0,40.0,2.0,8392.857142857143
940,2017-01-13,321500.0,43.0,2.0,8243.627450980392
941,2017-01-14,170000.0,42.0,2.0,5666.666666666667
942,2017-01-16,393500.0,47.5,2.5,8895.121951219513
943,2017-01-17,349100.0,39.5,2.0,8326.847290640395
944,2017-01-18,300000.0,41.5,2.0,8098.555211558307
945,2017-01-19,320000.0,40.0,2.0,8500.0
946,2017-01-20,335000.0,44.0,2.0,8580.0
947,2017-01-21,195000.0,28.0,2.0,8125.0
948,2017-01-22,200000.0,29.0,2.0,6896.551724137931
949,2017-01-23,317850.0,40.0,2.0,8496.553552492045
950,2017-01-24,330750.0,45.0,2.0,8383.516483516483
951,2017-01-25,338370.0,42.0,2.0,8362.637362637362
952,2017-01-26,318536.5,39.0,2.0,8389.156626506025
953,2017-01-27,326000.0,40.5,2.0,8662.60162601626
954,2017-01-28,350000.0,38.0,2.0,10294.117647058823
955,2017-01-30,393000.0,49.0,2.0,8888.9
956,2017-01-31,378500.0,45.0,2.0,8611.565420560748
957,2017-02-01,360000.0,43.0,2.0,8631.578947368422
958,2017-02-02,367500.0,44.5,2.0,8752.5
959,2017-02-03,375000.0,44.5,2.0,8366.071428571428
960,2017-02-04,1187500.0,101.0,3.5,11739.409499358151
961,2017-02-06,310000.0,40.0,2.0,8297.701149425287
962,2017-02-07,335000.0,43.0,2.0,7943.548387096775
963,2017-02-08,325000.0,39.0,2.0,8428.57142857143
964,2017-02-09,287000.0,38.0,2.0,8256.31313131313
965,2017-02-10,365569.5,41.0,2.0,8444.444444444445
966,2017-02-11,220000.0,29.5,2.0,6877.551020408164
967,2017-02-13,330000.0,38.0,2.0,8461.538461538461
968,2017-02-14,364000.0,40.0,2.0,8520.133333333333
969,2017-02-15,401000.0,43.5,2.0,8768.077324973878
970,2017-02-16,314091.0,44.5,2.0,8037.878787878788
971,2017-02-17,406000.0,48.0,2.0,8529.484029484029
972,2017-02-18,197000.0,37.0,1.5,6578.282828282829
973,2017-02-20,358535.0,42.5,2.0,8654.170437405732
974,2017-02-21,359000.0,40.5,2.0,8495.700245700245
975,2017-02-22,339000.0,40.0,2.0,8666.666666666666
976,2017-02-23,327635.0,40.5,2.0,8169.8564593301435
977,2017-02-24,388000.0,49.0,2.0,8727.272727272728
978,2017-02-25,195000.0,41.0,2.5,7292.307692307692
979,2017-02-27,350050.0,41.5,2.0,8739.406779661018
980,2017-02-28,278500.0,38.0,2.0,8624.324324324323
981,2017-03-01,356000.0,43.0,2.0,8535.266738274258
982,2017-03-02,336425.0,41.0,2.0,8368.808049535604
983,2017-03-03,320000.0,43.0,2.0,8428.57142857143
984,2017-03-04,205000.0,35.0,2.0,5857.142857142857
985,2017-03-06,394250.0,45.0,2.0,8607.954545454546
986,2017-03-07,352000.0,42.0,2.0,9000.0
987,2017-03-08,321990.0,40.0,2.0,8293.542074363992
988,2017-03-09,368000.0,45.0,2.0,8400.0
989,2017-03-10,340000.0,40.0,2.0,8430.76923076923
990,2017-03-11,177000.0,39.0,2.0,6103.448275862069
991,2017-03-13,345000.0,40.0,2.0,8533.333333333334
992,2017-03-14,370000.0,44.0,2.0,8420.866972477064
993,2017-03-15,410000.0,52.0,2.0,8492.753623188406
994,2017-03-16,401090.0,48.0,2.0,8695.652173913044
995,2017-03-17,330000.0,41.0,2.0,8333.333333333334
996,2017-03-18,123800.0,18.5,1.0,6807.64705882353
997,2017-03-20,360000.0,46.5,2.0,8369.41241685144
998,2017-03-21,353320.0,45.0,2.0,8218.75
999,2017-03-22,322500.0,42.0,2.0,8601.691358024691
1000,2017-03-23,325000.0,41.0,2.0,8566.666666666666
1001,2017-03-24,334000.0,45.0,2.0,8461.538461538461
1002,2017-03-25,259000.0,24.0,1.5,8889.269406392694
1003,2017-03-27,330000.0,40.0,2.0,8906.25
1004,2017-03-28,365200.0,42.0,2.0,8847.826086956522
1005,2017-03-29,365000.0,45.0,2.0,8340.90909090909
1006,2017-03-30,385000.0,46.0,2.0,8663.414634146342
1007,2017-03-31,405850.0,47.0,2.0,8798.72563718141
1008,2017-04-01,241300.0,39.5,2.0,6796.0526315789475
1009,2017-04-03,356850.0,41.0,2.0,8333.333333333334
1010,2017-04-04,320200.0,43.0,2.0,8571.42857142857
1011,2017-04-05,343000.0,41.5,2.0,8865.151515151516
1012,2017-04-06,336750.0,44.0,2.0,8336.187214611873
1013,2017-04-07,359000.0,43.0,2.0,8571.42857142857
1014,2017-04-08,316520.0,41.5,2.5,7807.188405797102
1015,2017-04-10,360808.0,43.0,2.0,8372.093023255815
1016,2017-04-11,316000.0,38.5,2.0,8779.733959311423
1017,2017-04-12,400000.0,45.5,2.0,8477.756892230576
1018,2017-04-13,447140.0,53.0,3.0,8597.916666666668
1019,2017-04-14,347375.0,45.0,2.0,8504.542278127185
1020,2017-04-15,260000.0,27.0,1.0,9629.62962962963
1021,2017-04-18,322000.0,44.0,2.0,8954.545454545454
1022,2017-04-19,407000.0,46.0,2.0,8352.941176470587
1023,2017-04-20,380000.0,45.0,2.0,8668.461538461539
1024,2017-04-21,380000.0,45.0,2.0,8910.714285714286
1025,2017-04-22,315950.0,31.0,2.0,10191.935483870968
1026,2017-04-24,390000.0,43.5,2.0,8697.222222222223
1027,2017-04-25,396250.0,47.0,2.0,8987.92270531401
1028,2017-04-26,320045.07999999996,40.0,2.0,8368.738819320215
1029,2017-04-27,361000.0,41.0,2.0,8910.0
1030,2017-04-28,380000.0,46.0,2.0,8611.111111111111
1031,2017-04-29,275000.0,29.5,1.5,9129.464285714286
1032,2017-05-02,391000.0,48.0,2.0,8771.929824561403
1033,2017-05-03,355250.0,44.5,2.0,8881.696428571428
1034,2017-05-04,336000.0,39.5,2.0,8515.677298311444
1035,2017-05-05,383000.0,46.0,2.0,8418.75
1036,2017-05-06,185000.0,22.0,1.0,8409.09090909091
1037,2017-05-09,402000.0,47.0,2.0,8784.326923076922
1038,2017-05-10,350000.0,44.0,2.0,8666.666666666666
1039,2017-05-11,295000.0,37.0,2.0,8900.0
1040,2017-05-12,363425.0,46.0,2.0,8692.261904761905
1041,2017-05-13,288000.0,49.0,2.0,7578.9473684210525
1042,2017-05-15,389500.0,48.0,2.0,9104.166666666666
1043,2017-05-16,295000.0,39.5,2.0,8580.103359173127
1044,2017-05-17,372500.0,45.5,2.0,8755.563766891892
1045,2017-05-18,325000.0,40.0,2.0,8285.714285714286
1046,2017-05-19,356950.0,41.0,2.0,8811.333333333332
1047,2017-05-20,295000.0,29.0,2.0,10172.413793103447
1048,2017-05-22,369450.0,41.5,2.0,8804.761904761905
1049,2017-05-23,354314.78,45.0,2.0,8610.67901234568
1050,2017-05-24,325000.0,40.0,2.0,8857.142857142857
1051,2017-05-25,595500.0,67.0,2.5,8124.7191011235955
1052,2017-05-26,335000.0,35.0,2.0,8583.333333333334
1053,2017-05-29,390000.0,47.0,2.0,8750.0
1054,2017-05-30,337311.0,40.0,2.0,8754.901960784313
1055,2017-05-31,434250.0,47.0,2.0,8720.84677419355
1056,2017-06-01,415000.0,50.0,2.0,8857.142857142857
1057,2017-06-02,377660.0,47.0,2.5,8513.157894736843
1058,2017-06-05,357500.0,47.0,3.0,9318.840579710144
1059,2017-06-06,365000.0,44.0,2.0,8846.153846153846
1060,2017-06-07,330000.0,40.0,2.0,8634.615384615385
1061,2017-06-08,350000.0,44.0,2.0,8310.60606060606
1062,2017-06-09,366500.0,43.5,2.0,8744.75
1063,2017-06-10,217000.0,28.5,1.5,8630.952380952382
1064,2017-06-12,367500.0,39.0,2.0,8750.0
1065,2017-06-13,400000.0,47.0,2.0,8906.25
1066,2017-06-14,365000.0,45.0,2.0,8801.215277777777
1067,2017-06-15,390000.0,43.0,2.0,9110.0
1068,2017-06-16,385750.0,42.5,2.0,8925.070028011205
1069,2017-06-17,240000.0,55.0,3.0,6315.789473684211
1070,2017-06-19,345000.0,41.0,2.0,8800.0
1071,2017-06-20,387000.0,47.0,2.0,8605.263157894737
1072,2017-06-21,365000.0,42.0,2.0,8750.0
1073,2017-06-22,364500.0,40.0,2.0,8928.57142857143
1074,2017-06-23,361100.0,40.0,2.0,8833.962264150943
1075,2017-06-24,125000.0,25.0,1.0,6435.294117647059
1076,2017-06-26,398330.0,47.5,2.0,9000.0
1077,2017-06-27,358522.5,44.0,2.0,8775.0
1078,2017-06-28,330930.0,42.0,2.0,8890.90909090909
1079,2017-06-29,400000.0,47.0,2.0,9052.989130434784
1080,2017-06-30,428350.0,49.0,2.0,9052.52659574468
1081,2017-07-01,509394.0,52.5,2.5,9929.95462184874
1082,2017-07-02,325000.0,47.0,1.0,6914.893617021276
1083,2017-07-03,386282.5,48.5,2.0,8960.070257611242
1084,2017-07-04,380000.0,43.0,2.0,8777.777777777777
1085,2017-07-05,385000.0,46.0,2.0,8904.761904761905
1086,2017-07-06,350000.0,43.0,2.0,9057.142857142857
1087,2017-07-07,455900.0,51.0,2.0,8827.852167182662
1088,2017-07-08,630000.0,57.0,3.0,11052.631578947368
1089,2017-07-09,21235.0,101.0,3.0,210.24752475247524
1090,2017-07-10,450000.0,52.0,3.0,9062.271062271062
1091,2017-07-11,394000.0,48.0,2.0,8815.78947368421
1092,2017-07-12,410075.0,48.0,2.0,9060.78947368421
1093,2017-07-13,430295.0,50.0,2.0,9258.333333333332
1094,2017-07-15,395000.0,53.0,2.0,7452.830188679245
1095,2017-07-17,410000.0,48.0,2.0,8958.333333333334
1096,2017-07-18,346600.0,43.5,2.0,8733.490566037737
1097,2017-07-19,350000.0,41.0,2.0,8851.28205128205
1098,2017-07-20,430000.0,50.0,3.0,9089.25925925926
1099,2017-07-21,410000.0,48.0,2.0,8863.636363636364
1100,2017-07-22,410000.0,44.0,3.0,9318.181818181818
1101,2017-07-24,425875.0,46.5,2.5,8910.049392097264
1102,2017-07-25,395000.0,44.0,2.0,8900.0
1103,2017-07-26,372500.0,40.0,2.0,9295.3995157385
1104,2017-07-27,405000.0,48.0,2.0,9038.461538461539
1105,2017-07-28,398500.0,47.0,2.0,9226.666666666666
1106,2017-07-29,700000.0,54.0,3.0,8611.111111111111
1107,2017-07-31,416805.0,46.0,2.0,9094.10569105691
1108,2017-08-01,339000.0,40.0,2.0,9166.666666666666
1109,2017-08-02,387000.0,50.5,3.0,9414.21568627451
1110,2017-08-03,446500.0,49.5,2.0,9104.27807486631
1111,2017-08-04,378484.0,42.0,2.0,8970.983835005574
1112,2017-08-07,358500.0,47.5,2.0,8974.147435897436
1113,2017-08-08,354200.0,39.0,2.0,9312.5
1114,2017-08-09,390000.0,45.0,2.0,8438.59649122807
1115,2017-08-10,301700.0,39.0,2.0,8871.6
1116,2017-08-11,378850.0,40.0,2.0,8275.862068965518
1117,2017-08-12,179000.0,23.5,1.0,7329.62962962963
1118,2017-08-14,331250.0,39.5,2.0,9021.739130434784
1119,2017-08-16,295000.0,34.0,2.0,9456.521739130434
1120,2017-08-17,425600.0,49.0,2.0,9062.5
1121,2017-08-18,442500.0,44.5,2.0,9308.07787983161
1122,2017-08-19,110000.0,28.0,2.0,3928.5714285714284
1123,2017-08-21,404500.0,42.5,2.0,9455.397727272728
1124,2017-08-22,358062.5,39.5,2.0,8997.014906659237
1125,2017-08-23,400000.0,48.0,2.0,9384.024390243903
1126,2017-08-24,478255.0,51.5,2.0,9082.267441860466
1127,2017-08-25,383075.0,52.0,3.0,9251.207386363636
1128,2017-08-26,175000.0,33.0,2.0,4545.454545454545
1129,2017-08-28,427000.0,49.0,2.0,9365.376984126984
1130,2017-08-29,415000.0,45.0,2.0,9500.0
1131,2017-08-30,385000.0,43.0,2.0,9164.21568627451
1132,2017-08-31,382500.0,43.0,2.0,9172.241483268013
1133,2017-09-01,415000.0,48.0,2.0,9013.157894736843
1134,2017-09-02,232500.0,31.5,1.5,6367.159090909091
1135,2017-09-03,445000.0,42.0,2.0,10595.238095238095
1136,2017-09-04,404157.0,48.0,2.0,8666.666666666666
1137,2017-09-05,350000.0,41.0,2.0,8764.70588235294
1138,2017-09-06,375484.0,43.0,2.0,8944.753577106518
1139,2017-09-07,370000.0,42.0,2.0,8986.111111111111
1140,2017-09-08,415000.0,45.0,2.0,9153.846153846154
1141,2017-09-09,327000.0,36.0,3.0,8539.256129032257
1142,2017-09-10,220000.0,57.0,3.0,3859.6491228070176
1143,2017-09-11,339800.0,44.5,2.0,8586.182336182337
1144,2017-09-12,430000.0,44.0,2.0,9520.0
1145,2017-09-13,365000.0,40.0,2.0,9225.774225774225
1146,2017-09-14,333914.25,42.0,2.0,9142.998317914215
1147,2017-09-15,380000.0,45.0,2.0,9000.0
1148,2017-09-16,240000.0,35.0,2.0,8857.142857142857
1149,2017-09-17,190000.0,28.0,1.0,6785.714285714285
1150,2017-09-18,347000.0,42.0,2.0,9305.555555555555
1151,2017-09-19,304000.0,34.0,2.0,9176.356589147286
1152,2017-09-20,323000.0,40.0,2.0,9117.64705882353
1153,2017-09-21,355000.0,44.0,2.0,8704.57627118644
1154,2017-09-22,380000.0,45.0,2.0,8850.0
1155,2017-09-23,140000.0,24.0,1.0,6333.333333333333
1156,2017-09-25,323805.0,40.0,2.0,9201.009251471825
1157,2017-09-26,370000.0,42.0,2.0,9200.0
1158,2017-09-27,339999.06,40.0,2.0,9090.90909090909
1159,2017-09-28,370000.0,40.0,2.0,9148.57142857143
1160,2017-09-29,415000.0,48.0,2.0,9125.0
1161,2017-09-30,290000.0,35.0,2.0,7272.727272727273
1162,2017-10-02,428800.0,46.5,2.0,9501.701902748415
1163,2017-10-03,357500.0,43.0,2.0,8603.238866396761
1164,2017-10-04,376320.0,44.0,2.0,8750.0
1165,2017-10-05,320650.0,41.0,2.0,8674.699599465956
1166,2017-10-06,369703.5,40.0,2.0,9272.78629032258
1167,2017-10-07,217000.0,23.0,1.5,6483.222222222223
1168,2017-10-09,370000.0,39.0,2.0,9321.739130434782
1169,2017-10-10,430329.0,46.5,2.0,9332.591768631813
1170,2017-10-11,386391.5,47.0,2.0,9059.277064955895
1171,2017-10-12,363250.0,44.0,2.0,8846.464019851115
1172,2017-10-13,389407.0,45.0,2.0,9230.76923076923
1173,2017-10-14,470000.0,58.0,3.0,6451.612903225807
1174,2017-10-16,394500.0,44.5,2.0,9267.857142857143
1175,2017-10-17,400000.0,45.0,2.0,9170.731707317073
1176,2017-10-18,336000.0,42.0,2.0,8720.27290448343
1177,2017-10-19,400000.0,45.0,2.0,8910.708333333334
1178,2017-10-20,352380.0,45.0,2.0,8933.823529411764
1179,2017-10-21,228500.0,24.5,1.5,9324.561403508771
1180,2017-10-23,367800.0,43.0,2.0,9254.38596491228
1181,2017-10-24,322500.0,41.0,2.0,8883.219954648526
1182,2017-10-25,380500.0,42.0,2.0,9323.107692307693
1183,2017-10-26,390000.0,47.5,2.0,8683.440594059406
1184,2017-10-27,394650.0,45.0,2.0,9189.96098901099
1185,2017-10-28,245700.0,33.0,2.0,7142.857142857143
1186,2017-10-29,85000.0,12.0,1.0,7083.333333333333
1187,2017-10-30,360000.0,43.0,2.0,9290.277777777777
1188,2017-10-31,426692.0,46.0,2.0,9180.0
1189,2017-11-01,308000.0,42.0,2.0,7423.611111111111
1190,2017-11-02,349000.0,43.5,2.0,8828.571428571428
1191,2017-11-03,373200.0,43.0,2.0,9047.619047619048
1192,2017-11-04,247500.0,29.5,1.5,9410.601851851852
1193,2017-11-05,350000.0,42.0,2.0,8333.333333333334
1194,2017-11-06,420000.0,45.0,2.0,9312.977099236641
1195,2017-11-07,360500.0,41.0,2.0,8965.51724137931
1196,2017-11-08,371000.0,49.0,2.0,9013.133333333333
1197,2017-11-09,347535.0,45.0,2.0,8894.523326572009
1198,2017-11-10,355450.0,44.0,2.0,9086.493987049029
1199,2017-11-11,540000.0,54.5,2.0,9529.239766081871
1200,2017-11-13,352500.0,40.0,2.0,9037.698412698413
1201,2017-11-14,325500.0,40.0,2.0,9210.164835164836
1202,2017-11-15,402900.0,46.0,2.0,9062.222222222223
1203,2017-11-16,331000.0,38.5,2.0,9058.44645550528
1204,2017-11-17,355000.0,42.0,2.0,8962.962962962964
1205,2017-11-18,397500.0,45.0,2.5,8063.371192565824
1206,2017-11-20,399750.0,43.0,2.0,8921.188630490957
1207,2017-11-21,358550.0,42.0,2.0,9090.90909090909
1208,2017-11-22,345000.0,40.0,2.0,9114.812030075187
1209,2017-11-23,362500.0,40.0,2.0,8763.888888888889
1210,2017-11-24,335500.0,35.5,2.0,9304.983660130718
1211,2017-11-25,181350.0,27.5,1.5,6992.083333333334
1212,2017-11-27,412500.0,48.0,2.0,9277.733515441232
1213,2017-11-28,319175.0,37.0,2.0,8788.443616029823
1214,2017-11-29,305171.5,42.0,2.0,8783.730158730159
1215,2017-11-30,380000.0,44.0,2.0,9000.0
1216,2017-12-01,346000.0,41.0,2.0,9000.0
1217,2017-12-02,277500.0,33.5,2.0,8792.906178489702
1218,2017-12-04,377000.0,45.0,2.0,9063.636363636364
1219,2017-12-05,307500.0,37.0,2.0,8630.483091787439
1220,2017-12-06,374565.0,43.5,2.0,9274.871794871795
1221,2017-12-07,380000.0,48.0,2.0,8736.842105263158
1222,2017-12-08,340400.0,38.5,2.0,9287.777777777777
1223,2017-12-09,491000.0,53.0,2.0,9264.150943396226
1224,2017-12-11,377925.0,40.0,2.0,9404.48113207547
1225,2017-12-12,390000.0,47.0,2.0,9000.0
1226,2017-12-13,319000.0,39.0,2.0,8892.973856209152
1227,2017-12-14,325000.0,42.0,2.0,9227.661290322581
1228,2017-12-15,410000.0,46.0,2.0,9043.229166666666
1229,2017-12-16,225000.0,31.5,1.5,7785.087719298246
1230,2017-12-17,390000.0,85.0,4.0,4588.235294117647
1231,2017-12-18,397500.0,45.0,2.0,9091.954022988506
1232,2017-12-19,371850.0,41.5,2.0,9129.509803921568
1233,2017-12-20,361250.0,40.0,2.0,9115.063025210085
1234,2017-12-21,378500.0,43.0,2.0,9124.299719887957
1235,2017-12-22,366000.0,44.0,2.0,9173.333333333334
1236,2017-12-23,149250.0,67.0,3.0,1661.5767952977255
1237,2017-12-26,345000.0,42.0,2.0,8745.822133925441
1238,2017-12-27,281800.0,36.0,2.0,8557.692307692309
1239,2017-12-28,375000.0,43.0,2.0,9364.021739130434
1240,2017-12-29,355000.0,41.0,2.0,9152.173913043478
1241,2017-12-30,325000.0,42.5,2.5,7272.727272727273
1242,2017-12-31,135000.0,10.0,1.0,13500.0
1243,2018-01-02,251000.0,28.0,2.0,9166.666666666666
1244,2018-01-03,435000.0,42.0,2.0,10125.0
1245,2018-01-04,330000.0,43.0,2.0,9000.0
1246,2018-01-05,390000.0,45.0,2.0,9005.691326530612
1247,2018-01-06,359000.0,37.5,1.0,9863.636363636364
1248,2018-01-07,2644800.0,230.0,4.0,11499.130434782608
1249,2018-01-08,400000.0,46.0,2.0,9073.544520547945
1250,2018-01-09,395000.0,50.0,2.0,8695.652173913044
1251,2018-01-10,307500.0,36.5,2.0,8892.773892773894
1252,2018-01-11,394385.0,46.0,2.0,8800.0
1253,2018-01-12,360000.0,42.0,2.0,9000.0
1254,2018-01-13,420000.0,44.0,2.0,8484.848484848484
1255,2018-01-15,474000.0,48.0,2.0,9566.844919786097
1256,2018-01-16,360305.0,44.0,2.0,9595.238095238095
1257,2018-01-17,334000.0,37.0,2.0,9300.0
1258,2018-01-18,353000.0,40.0,2.0,8888.888888888889
1259,2018-01-19,356500.0,41.0,2.0,9267.857142857143
1260,2018-01-20,815225.0,83.5,3.5,10179.710305174702
1261,2018-01-22,341000.0,40.5,2.0,8810.997442455242
1262,2018-01-23,341000.0,37.0,2.0,9360.0
1263,2018-01-24,340000.0,36.0,2.0,9412.285714285714
1264,2018-01-25,326500.0,42.0,2.0,9302.32558139535
1265,2018-01-26,353500.0,40.0,2.0,9074.201239224138
1266,2018-01-27,350000.0,48.0,2.0,8717.948717948719
1267,2018-01-29,399960.0,48.0,2.0,9274.193548387097
1268,2018-01-30,321000.0,37.5,2.0,9021.739130434784
1269,2018-01-31,395613.0,44.0,2.0,8996.733333333334
1270,2018-02-01,305082.5,36.0,2.0,8695.663531870428
1271,2018-02-02,370000.0,42.0,2.0,9283.333333333334
1272,2018-02-03,452000.0,75.0,4.0,6026.666666666667
1273,2018-02-05,373730.0,45.0,2.0,9114.285714285714
1274,2018-02-06,360500.0,39.5,2.0,9012.5
1275,2018-02-07,377174.0,44.0,2.0,9649.122807017544
1276,2018-02-08,341000.0,42.0,2.0,8792.532467532466
1277,2018-02-09,383400.0,42.0,2.0,9153.846153846154
1278,2018-02-10,118475.0,50.0,2.5,1769.8807854137447
1279,2018-02-12,309500.0,39.0,2.0,9000.0
1280,2018-02-13,362500.0,45.0,2.0,8712.175627240144
1281,2018-02-14,305000.0,35.0,2.0,9375.0
1282,2018-02-15,407500.0,45.0,2.0,9408.333333333332
1283,2018-02-16,341000.0,42.0,2.0,9000.0
1284,2018-02-17,237500.0,38.5,1.5,5106.818181818182
1285,2018-02-19,427775.0,45.0,2.0,9154.429824561405
1286,2018-02-20,391500.0,47.5,2.0,9184.529780564262
1287,2018-02-21,372000.0,40.0,2.0,9156.25
1288,2018-02-22,353000.0,46.0,2.0,9032.258064516129
1289,2018-02-23,365000.0,43.0,2.0,9200.0
1290,2018-02-24,514750.0,43.5,2.0,11881.606765327695
1291,2018-02-26,400000.0,45.5,2.0,9177.081620910734
1292,2018-02-27,377725.0,42.0,2.0,8813.559322033898
1293,2018-02-28,385000.0,44.0,2.0,9333.333333333334
1294,2018-03-01,312080.0,40.0,2.0,8750.161290322581
1295,2018-03-02,342500.0,45.0,2.0,8634.74025974026
1296,2018-03-03,270000.0,36.0,1.0,8222.222222222223
1297,2018-03-05,380000.0,45.0,2.0,9300.0
1298,2018-03-06,372788.5,43.0,3.0,9105.434782608696
1299,2018-03-07,322000.0,39.0,2.0,9125.0
1300,2018-03-08,346487.5,40.5,2.0,8945.51282051282
1301,2018-03-09,355200.0,39.5,2.0,9212.241653418125
1302,2018-03-10,420000.0,45.0,3.0,8145.1612903225805
1303,2018-03-12,390000.0,43.0,2.0,9050.0
1304,2018-03-13,306000.0,39.5,2.0,8637.331256490135
1305,2018-03-14,325000.0,39.0,2.0,9264.70588235294
1306,2018-03-15,376000.0,45.5,2.0,9071.973684210527
1307,2018-03-16,402200.0,46.0,2.0,9195.16037735849
1308,2018-03-17,226166.5,34.0,1.5,6724.302083333334
1309,2018-03-19,392000.0,44.0,2.0,9269.23076923077
1310,2018-03-20,427500.0,47.0,3.0,9100.142045454544
1311,2018-03-21,366667.0,40.0,2.0,9612.244897959185
1312,2018-03-22,310000.0,36.0,2.0,9302.5
1313,2018-03-23,313544.5,40.0,2.0,8775.0
1314,2018-03-24,275000.0,35.5,1.5,7174.802234299516
1315,2018-03-25,1897130.0,131.0,5.0,14481.908396946565
1316,2018-03-26,404500.0,46.0,2.0,9114.36873433584
1317,2018-03-27,405000.0,45.0,2.0,9478.260869565218
1318,2018-03-28,392000.0,43.0,2.0,9705.882352941177
1319,2018-03-29,445000.0,50.0,2.0,9215.686274509804
1320,2018-03-30,397000.0,47.0,2.0,9285.714285714286
1321,2018-03-31,170500.0,16.5,1.0,10003.264925373134
1322,2018-04-02,378000.0,63.0,2.0,6000.0
1323,2018-04-03,390000.0,43.0,2.0,9488.472222222223
1324,2018-04-04,360000.0,39.0,2.0,9346.153846153846
1325,2018-04-05,350000.0,40.0,2.0,9933.333333333334
1326,2018-04-06,450000.0,49.0,2.0,9454.545454545454
1327,2018-04-07,110000.0,17.0,1.0,6470.588235294118
1328,2018-04-09,457662.5,47.5,2.0,9590.6292749658
1329,2018-04-10,384000.0,48.0,2.0,8979.591836734693
1330,2018-04-11,348250.0,43.0,2.0,9375.0
1331,2018-04-12,381100.0,42.5,2.0,9205.658783783783
1332,2018-04-13,462500.0,50.0,2.0,9577.380952380952
1333,2018-04-16,420000.0,48.0,2.0,9090.90909090909
1334,2018-04-17,399500.0,42.5,2.0,9553.571428571428
1335,2018-04-18,425000.0,45.0,2.0,9090.90909090909
1336,2018-04-19,325000.0,39.0,2.0,9347.826086956522
1337,2018-04-20,366000.0,42.0,2.0,9482.288037166087
1338,2018-04-21,605250.0,45.5,2.0,8918.949771689498
1339,2018-04-23,338000.0,38.0,2.0,9473.684210526315
1340,2018-04-24,325250.0,40.5,2.0,9000.0
1341,2018-04-25,376190.0,41.0,2.0,9176.470588235294
1342,2018-04-26,396492.0,43.0,2.0,9166.666666666666
1343,2018-04-27,418650.5,50.5,2.0,9424.632352941177
1344,2018-04-28,183500.0,24.5,1.0,8014.285714285715
1345,2018-04-30,320000.0,39.0,2.0,9859.154929577464
1346,2018-05-02,390400.0,45.0,2.0,9461.538461538461
1347,2018-05-03,386150.0,45.0,2.0,9288.284002818888
1348,2018-05-04,430575.5,46.0,2.0,9525.5
1349,2018-05-05,196800.0,25.0,2.0,5622.857142857143
1350,2018-05-07,415000.0,47.0,2.0,9607.894736842105
1351,2018-05-09,373750.0,39.5,2.0,9480.4318488529
1352,2018-05-11,290000.0,34.0,2.0,9567.567567567568
1353,2018-05-12,336000.0,36.0,2.0,8056.603773584906
1354,2018-05-14,360000.0,40.0,2.0,9587.209302325582
1355,2018-05-15,390000.0,49.0,2.0,9054.054054054053
1356,2018-05-16,352000.0,45.0,2.0,8997.665369649805
1357,2018-05-17,392582.5,42.5,2.0,9419.642857142857
1358,2018-05-18,354950.0,40.0,2.0,9102.430555555555
1359,2018-05-19,122363.0,26.5,1.0,4980.212698412699
1360,2018-05-21,321500.0,38.0,2.0,8879.869141813757
1361,2018-05-22,394000.0,44.0,2.0,9239.133333333333
1362,2018-05-23,398000.0,48.0,2.0,9130.434782608696
1363,2018-05-24,349900.0,36.5,2.0,9445.59420289855
1364,2018-05-25,375500.0,41.5,2.0,9383.928571428572
1365,2018-05-26,580000.0,47.0,2.0,9157.894736842105
1366,2018-05-28,338500.0,42.0,2.0,9370.37037037037
1367,2018-05-29,406750.0,45.5,2.0,9404.48113207547
1368,2018-05-30,403994.5,43.0,2.0,9655.723905723906
1369,2018-05-31,390000.0,44.0,2.0,9450.0
1370,2018-06-01,392700.0,46.0,2.0,9111.111111111111
1371,2018-06-02,157765.0,19.0,1.0,6842.105263157895
1372,2018-06-04,365000.0,45.0,2.0,9000.0
1373,2018-06-05,325000.0,38.0,2.0,8783.783783783783
1374,2018-06-06,388500.0,48.0,2.0,9294.871794871795
1375,2018-06-07,350000.0,40.0,2.0,9392.307692307691
1376,2018-06-08,330000.0,42.0,2.0,8958.333333333334
1377,2018-06-09,162753.0,24.5,2.0,6766.550505050505
1378,2018-06-11,372500.0,42.5,2.0,9206.176470588234
1379,2018-06-12,380000.0,46.0,2.0,9066.666666666666
1380,2018-06-13,446400.0,41.5,2.0,9616.804692891648
1381,2018-06-14,406500.0,47.5,2.0,9519.781553398057
1382,2018-06-15,422500.0,45.0,2.0,9470.383275261323
1383,2018-06-16,200000.0,21.0,1.0,8023.809523809524
1384,2018-06-18,365000.0,45.0,2.0,9666.666666666666
1385,2018-06-19,372882.5,41.5,2.0,9487.556561085974
1386,2018-06-20,400000.0,44.0,2.0,9611.111111111111
1387,2018-06-21,380000.0,44.5,2.0,9525.5
1388,2018-06-22,439440.0,45.5,2.0,9461.538461538461
1389,2018-06-23,289500.0,22.0,1.0,12527.777777777777
1390,2018-06-24,545250.0,60.0,2.0,9087.5
1391,2018-06-25,414850.0,47.0,2.0,9576.239316239316
1392,2018-06-26,370000.0,42.0,2.0,9362.669245647969
1393,2018-06-27,380000.0,46.0,2.0,9347.826086956522
1394,2018-06-28,400478.0,42.0,2.0,9641.110612244898
1395,2018-06-29,467000.0,50.0,2.0,9716.183574879227
1396,2018-06-30,305000.0,34.0,2.5,8910.714285714286
1397,2018-07-02,486464.0,47.0,2.0,9436.25
1398,2018-07-03,406000.0,42.0,2.0,9829.102105263159
1399,2018-07-04,386000.0,43.0,2.0,9318.833333333334
1400,2018-07-05,387000.0,44.0,2.0,9875.0
1401,2018-07-06,425000.0,50.0,2.0,9523.809523809523
1402,2018-07-07,173000.0,37.0,1.0,4675.675675675676
1403,2018-07-09,445000.0,44.0,2.0,9560.768398268398
1404,2018-07-10,417300.0,46.0,2.0,9853.125
1405,2018-07-11,347000.0,40.5,2.0,9203.086519114688
1406,2018-07-12,445000.0,46.0,2.0,9738.461538461539
1407,2018-07-13,414000.5,44.0,2.0,9811.274509803921
1408,2018-07-16,505000.0,50.0,3.0,9803.827751196171
1409,2018-07-17,440995.0,47.5,2.0,9443.797581728617
1410,2018-07-18,455000.0,46.5,2.0,9626.329787234043
1411,2018-07-19,350000.0,38.0,2.0,10024.390243902439
1412,2018-07-20,405000.0,48.5,2.0,9614.480198019803
1413,2018-07-21,259700.0,36.0,2.0,10000.0
1414,2018-07-23,430000.0,47.0,2.5,9877.344336084021
1415,2018-07-24,385370.0,43.0,2.0,9437.5
1416,2018-07-25,400000.0,46.0,2.0,9468.75
1417,2018-07-26,385000.0,45.0,2.0,9423.076923076924
1418,2018-07-27,399000.0,47.0,2.0,9609.797297297297
1419,2018-07-28,200000.0,28.0,2.0,7631.578947368421
1420,2018-07-30,458000.0,48.0,2.0,10048.387096774193
1421,2018-07-31,404000.0,47.0,2.0,9562.5
1422,2018-08-01,392750.0,40.0,2.0,9741.666666666668
1423,2018-08-02,375000.0,42.0,2.0,9285.714285714286
1424,2018-08-03,345200.0,35.0,2.0,9754.838709677419
1425,2018-08-04,315000.0,51.0,2.0,6176.470588235294
1426,2018-08-06,405000.0,45.0,2.0,9583.333333333334
1427,2018-08-07,455500.0,48.0,2.0,9499.051233396585
1428,2018-08-08,408171.0,40.5,2.0,9232.741228070176
1429,2018-08-09,397500.0,40.0,2.0,9788.56462179869
1430,2018-08-10,395000.0,39.0,2.0,9380.0
1431,2018-08-11,125500.0,16.5,1.0,7851.190476190476
1432,2018-08-13,307500.0,36.5,2.5,9374.36974789916
1433,2018-08-14,377500.0,46.0,2.5,9090.488735465116
1434,2018-08-16,436000.0,52.0,2.0,9375.0
1435,2018-08-17,325000.0,36.0,2.0,9137.931034482759
1436,2018-08-20,445000.0,47.0,2.0,10000.0
1437,2018-08-21,354450.0,34.0,2.0,9393.548387096775
1438,2018-08-22,355000.0,37.0,2.0,9921.850998463902
1439,2018-08-23,381250.0,44.0,2.0,9214.761273209548
1440,2018-08-24,337500.0,40.0,2.0,9259.038461538461
1441,2018-08-25,385000.0,43.0,2.0,8953.488372093023
1442,2018-08-26,208000.0,32.0,2.0,6500.0
1443,2018-08-27,415000.0,46.0,2.0,9735.29411764706
1444,2018-08-28,416268.0,42.0,2.0,9076.923076923076
1445,2018-08-29,383850.0,43.5,2.0,9550.50505050505
1446,2018-08-30,390000.0,45.0,2.0,9655.172413793103
1447,2018-08-31,484120.0,48.0,2.0,9642.857142857143
1448,2018-09-01,570000.0,57.0,3.0,10960.416666666666
1449,2018-09-03,352000.0,38.5,2.0,9477.604673807205
1450,2018-09-04,327700.0,37.0,2.0,9501.294964028777
1451,2018-09-05,450000.0,48.0,2.0,9723.404255319148
1452,2018-09-06,350000.0,40.0,2.0,9500.0
1453,2018-09-07,408000.0,47.0,2.0,9836.25
1454,2018-09-08,185000.0,30.0,1.0,6600.0
1455,2018-09-10,380000.0,43.0,2.0,9433.962264150943
1456,2018-09-11,360000.0,40.0,2.0,9363.636363636364
1457,2018-09-12,366470.0,46.5,2.0,9879.29292929293
1458,2018-09-13,390000.0,41.0,2.0,9629.193175245808
1459,2018-09-14,472000.0,48.0,3.0,10000.0
1460,2018-09-15,360000.0,30.0,1.0,10067.948717948719
1461,2018-09-17,318500.0,35.0,2.0,10000.0
1462,2018-09-18,400000.0,43.0,2.0,9647.009966777408
1463,2018-09-19,374600.0,43.0,2.0,9589.04109589041
1464,2018-09-20,355501.0,38.0,2.0,9981.132075471698
1465,2018-09-21,365180.0,41.0,2.0,9562.5
1466,2018-09-22,340060.0,33.0,1.5,10551.044417767105
1467,2018-09-24,380000.0,44.0,2.0,9390.0
1468,2018-09-25,332940.0,35.5,2.0,9566.537267080745
1469,2018-09-26,350000.0,40.0,2.0,9666.666666666666
1470,2018-09-27,399520.0,43.0,2.0,9531.25
1471,2018-09-28,410000.0,41.0,2.0,9863.888888888889
1472,2018-09-29,365000.0,47.0,2.0,8724.489795918367
1473,2018-09-30,804000.0,72.0,4.0,11166.666666666666
1474,2018-10-01,379000.0,46.0,2.0,9625.0
1475,2018-10-02,395000.0,44.0,2.0,9361.702127659575
1476,2018-10-03,423000.0,46.5,2.0,9556.677890011224
1477,2018-10-04,405250.0,44.0,2.0,9703.52564102564
1478,2018-10-05,390000.0,43.0,2.0,9600.0
1479,2018-10-06,460000.0,49.0,2.0,9387.755102040815
1480,2018-10-08,415000.0,44.0,2.0,9560.439560439561
1481,2018-10-09,350000.0,40.0,2.0,9380.530973451327
1482,2018-10-10,317000.0,33.0,2.0,9615.384615384615
1483,2018-10-11,356410.0,37.0,2.0,9748.930555555555
1484,2018-10-12,404875.0,45.0,2.0,9615.384615384615
1485,2018-10-13,322000.0,43.0,2.0,7594.771241830065
1486,2018-10-15,431000.0,48.5,2.0,9785.587975243148
1487,2018-10-16,314000.0,37.0,2.0,9268.939393939394
1488,2018-10-17,339000.0,38.0,2.0,9285.714285714286
1489,2018-10-18,380000.0,43.0,2.0,9585.714285714286
1490,2018-10-19,365000.0,43.0,2.0,9753.333333333334
1491,2018-10-20,377000.0,39.5,2.0,10354.312354312355
1492,2018-10-22,399000.0,43.5,2.0,9156.984126984127
1493,2018-10-23,425000.0,47.0,2.0,9747.191011235955
1494,2018-10-24,398000.0,45.0,2.0,9482.758620689656
1495,2018-10-25,407500.0,46.0,2.0,9364.919354838708
1496,2018-10-26,400700.0,45.5,2.0,9456.79012345679
1497,2018-10-27,226037.5,28.0,1.0,9620.067934782608
1498,2018-10-29,403915.0,44.5,2.0,9491.904761904761
1499,2018-10-30,406500.0,43.0,2.0,9693.414322250639
1500,2018-10-31,412500.0,45.0,2.0,9458.261617900172
1501,2018-11-02,306568.0,32.0,2.0,8906.92007797271
1502,2018-11-03,449761.0,48.0,1.0,4750.0
1503,2018-11-05,511900.0,55.0,3.0,10068.181818181818
1504,2018-11-06,360000.0,38.0,2.0,9913.793103448275
1505,2018-11-07,330175.0,37.5,2.0,9910.087719298244
1506,2018-11-08,356000.0,41.0,2.0,9090.90909090909
1507,2018-11-09,423000.0,46.0,2.0,9749.470734744707
1508,2018-11-10,233350.0,38.0,2.0,7892.708333333334
1509,2018-11-11,173087.0,20.0,1.0,8654.35
1510,2018-11-12,380000.0,40.0,2.0,10125.3125
1511,2018-11-13,360000.0,42.0,2.0,9488.372093023256
1512,2018-11-14,315525.0,40.0,2.0,9105.263157894737
1513,2018-11-15,425548.5,43.5,2.0,9851.269841269841
1514,2018-11-16,375000.0,41.0,2.0,9822.222222222223
1515,2018-11-17,510000.0,47.0,2.5,11003.191974464204
1516,2018-11-18,209000.0,19.0,1.0,11000.0
1517,2018-11-19,404500.0,44.0,2.0,9666.666666666666
1518,2018-11-20,333000.0,40.0,2.0,9359.880952380952
1519,2018-11-21,403800.0,40.5,2.0,10296.499640374012
1520,2018-11-22,327912.0,36.0,2.0,9801.948051948053
1521,2018-11-23,376853.36,43.0,2.0,9580.592105263157
1522,2018-11-24,300000.0,30.0,1.0,9500.0
1523,2018-11-26,370000.0,42.0,2.0,9750.0
1524,2018-11-27,386300.0,42.0,2.0,10357.142857142857
1525,2018-11-28,384075.0,43.0,2.0,9512.830687830687
1526,2018-11-29,372500.0,41.0,2.0,9485.204081632653
1527,2018-11-30,396000.0,41.0,2.0,9538.461538461539
1528,2018-12-01,1006635.0,103.5,3.5,9546.201751082659
1529,2018-12-03,347500.0,38.5,2.0,9909.95670995671
1530,2018-12-04,372000.0,45.0,2.0,8775.0
1531,2018-12-05,340000.0,39.0,2.0,9663.49902534113
1532,2018-12-06,359000.0,45.0,2.0,9851.063829787234
1533,2018-12-07,349500.0,37.5,2.0,9635.27851458886
1534,2018-12-08,440000.0,49.0,3.0,8979.591836734693
1535,2018-12-09,214000.0,20.0,1.0,10700.0
1536,2018-12-10,380800.0,41.0,2.0,9894.736842105263
1537,2018-12-11,324500.0,40.0,2.0,9389.423076923078
1538,2018-12-12,340000.0,38.0,2.0,9473.684210526315
1539,2018-12-13,397000.0,42.0,2.0,9620.253164556962
1540,2018-12-14,375010.0,40.0,2.0,9871.794871794871
1541,2018-12-15,412850.0,40.0,2.0,9516.666666666666
1542,2018-12-17,408500.0,42.0,2.0,9687.5
1543,2018-12-18,417525.0,46.0,2.0,9427.931313131314
1544,2018-12-19,350000.0,39.5,2.0,9699.820788530466
1545,2018-12-20,410000.0,45.0,2.0,9677.41935483871
1546,2018-12-21,434875.0,48.0,2.0,9666.666666666666
1547,2018-12-22,143500.0,30.0,2.0,5666.666666666667
1548,2018-12-24,719415.0,77.0,2.0,9156.626506024097
1549,2018-12-26,304000.0,37.0,2.0,8828.431372549021
1550,2018-12-27,350000.0,38.0,2.0,10000.0
1551,2018-12-28,405000.0,45.0,2.0,9738.636363636364
1552,2018-12-29,234750.0,24.0,2.0,9919.642857142857
1553,2018-12-31,371000.0,34.5,2.0,9797.639860139861
1554,2019-01-02,389500.0,37.0,2.0,9913.953488372093
1555,2019-01-03,350000.0,40.0,2.0,9460.0
1556,2019-01-04,365000.0,40.0,2.0,9275.0
1557,2019-01-05,822125.0,80.0,3.5,10276.5625
1558,2019-01-07,380800.0,42.0,2.0,9932.432432432432
1559,2019-01-08,370000.0,42.0,2.0,9705.882352941177
1560,2019-01-09,387500.0,40.5,2.0,9660.655058043118
1561,2019-01-10,364000.0,40.0,2.0,9820.19927536232
1562,2019-01-11,374000.0,39.0,2.0,9615.384615384615
1563,2019-01-12,227500.0,23.5,1.5,9694.736842105263
1564,2019-01-14,371000.0,43.0,2.0,10023.584905660377
1565,2019-01-15,375000.0,39.0,2.0,9912.5
1566,2019-01-16,361750.67000000004,40.5,2.0,9128.048780487805
1567,2019-01-17,376500.0,43.0,2.0,9599.506578947368
1568,2019-01-18,371485.0,41.0,2.0,10000.0
1569,2019-01-19,186750.0,49.0,2.5,4600.678733031674
1570,2019-01-21,359000.0,42.0,2.0,10000.0
1571,2019-01-22,400100.0,43.0,2.0,9285.714285714286
1572,2019-01-23,414500.0,41.0,2.0,10310.392156862745
1573,2019-01-24,371500.0,41.0,2.0,9777.894736842105
1574,2019-01-25,394700.0,43.0,2.0,9629.62962962963
1575,2019-01-26,169000.0,18.5,1.0,10356.666666666668
1576,2019-01-28,367000.0,41.0,2.0,9285.714285714286
1577,2019-01-29,338000.0,42.0,2.0,9754.651162790698
1578,2019-01-30,382825.0,41.5,2.0,9618.736383442265
1579,2019-01-31,450000.0,48.0,3.0,10096.153846153846
1580,2019-02-01,362500.0,43.0,2.0,9736.111111111111
1581,2019-02-02,500000.0,75.0,2.0,9920.53125
1582,2019-02-04,429562.5,39.0,2.0,9833.10134030729
1583,2019-02-05,430000.0,44.0,2.0,9393.939393939394
1584,2019-02-06,340000.0,35.0,2.0,9658.780487804877
1585,2019-02-07,342500.0,37.0,2.0,10201.552795031057
1586,2019-02-08,400000.0,42.0,2.0,9540.0
1587,2019-02-09,630000.0,57.0,5.0,11052.631578947368
1588,2019-02-11,450000.0,52.0,2.0,10000.0
1589,2019-02-12,360000.0,41.0,2.0,9437.5
1590,2019-02-13,378200.0,40.0,2.0,9704.761904761905
1591,2019-02-14,395000.0,41.0,2.0,9837.657142857142
1592,2019-02-15,415000.0,45.0,2.0,9755.102040816326
1593,2019-02-16,386000.0,41.0,2.0,9452.054794520547
1594,2019-02-17,380000.0,66.0,4.0,5757.575757575758
1595,2019-02-18,376050.0,41.0,2.0,9925.373134328358
1596,2019-02-19,369700.0,43.0,2.0,9554.838709677419
1597,2019-02-20,460000.0,50.0,2.0,9708.333333333334
1598,2019-02-21,380990.9,40.0,2.0,10080.645161290322
1599,2019-02-22,399050.0,45.0,2.0,9874.166666666668
1600,2019-02-23,345000.0,25.0,2.0,13800.0
1601,2019-02-25,432500.0,45.0,2.0,10017.241379310344
1602,2019-02-26,450000.0,47.0,2.0,10400.0
1603,2019-02-27,367000.0,40.0,2.0,9811.32075471698
1604,2019-02-28,412500.0,45.0,2.0,9807.692307692309
1605,2019-03-01,440000.0,52.0,2.0,9500.0
1606,2019-03-02,398500.0,48.5,2.0,7981.923076923077
1607,2019-03-04,426239.31,44.5,2.0,9951.89701897019
1608,2019-03-05,449000.0,46.0,2.0,9754.306666666667
1609,2019-03-06,398000.0,39.0,2.0,9389.997737556561
1610,2019-03-07,417500.0,44.5,2.0,9714.556277056276
1611,2019-03-08,430000.0,47.0,2.0,9743.589743589744
1612,2019-03-09,520000.0,62.5,3.0,8104.166666666666
1613,2019-03-11,398000.0,43.0,2.0,9995.61403508772
1614,2019-03-12,379475.0,43.0,2.0,10186.503522432333
1615,2019-03-13,402000.0,46.0,2.0,9259.25925925926
1616,2019-03-14,346625.0,39.0,2.0,9766.891891891892
1617,2019-03-15,416500.0,47.0,2.0,9702.49042145594
1618,2019-03-16,357500.0,34.0,1.5,10045.283018867925
1619,2019-03-18,437500.0,45.0,2.0,10020.547945205479
1620,2019-03-19,422500.0,47.5,2.0,9272.5
1621,2019-03-20,410000.0,44.0,2.0,9678.030303030304
1622,2019-03-21,363933.0,43.0,2.0,9983.720930232557
1623,2019-03-22,405000.0,43.0,2.0,10000.0
1624,2019-03-23,207500.0,19.0,1.0,10916.666666666668
1625,2019-03-24,350000.0,36.0,1.0,9722.222222222223
1626,2019-03-25,410000.0,45.0,2.0,9820.89552238806
1627,2019-03-26,362500.0,40.0,2.0,9559.750617283951
1628,2019-03-27,390952.0,42.0,2.0,9850.0
1629,2019-03-28,450000.0,50.0,2.0,10000.0
1630,2019-03-29,490000.0,46.0,2.0,10368.67924528302
1631,2019-03-30,295000.0,26.5,2.0,8619.868637110016
1632,2019-04-01,460000.0,45.0,2.0,10352.112676056338
1633,2019-04-02,382500.0,42.5,2.0,9391.666666666668
1634,2019-04-03,410000.0,45.0,2.0,9459.45945945946
1635,2019-04-04,389572.5,40.5,2.0,9833.333333333332
1636,2019-04-05,359500.0,41.0,2.0,9885.714285714286
1637,2019-04-06,271500.0,26.0,1.5,10458.333333333332
1638,2019-04-08,435000.0,45.5,2.0,9981.018026565465
1639,2019-04-09,350000.0,37.0,2.0,9354.838709677419
1640,2019-04-10,386250.0,38.5,2.0,10120.056561085974
1641,2019-04-11,425000.0,44.0,2.0,10343.75
1642,2019-04-12,432675.0,46.5,2.0,10004.62962962963
1643,2019-04-13,300800.0,29.5,1.5,10110.714285714286
1644,2019-04-14,397500.0,43.5,2.0,9608.768035516092
1645,2019-04-15,372500.0,42.0,2.0,9678.571428571428
1646,2019-04-16,359800.0,43.0,2.0,9869.565217391304
1647,2019-04-17,342500.0,39.0,2.0,9640.394088669951
1648,2019-04-18,350250.0,39.0,2.0,9698.484848484848
1649,2019-04-19,405000.0,44.0,2.0,9806.875
1650,2019-04-20,191500.0,20.0,1.5,9791.53605015674
1651,2019-04-23,376330.0,44.0,2.0,9861.111111111111
1652,2019-04-24,450000.0,44.0,2.0,9705.882352941177
1653,2019-04-25,364750.0,39.0,2.0,10074.632352941177
1654,2019-04-26,399000.0,45.0,2.0,9750.0
1655,2019-04-27,1000000.0,70.0,4.0,11678.082191780823
1656,2019-04-29,473500.0,48.0,2.0,10140.36561264822
1657,2019-04-30,416000.0,46.0,2.0,9850.0
1658,2019-05-02,388250.0,43.0,2.0,9965.833333333332
1659,2019-05-03,452300.0,49.0,2.0,9458.805803571428
1660,2019-05-04,285000.0,37.0,2.0,8648.648648648648
1661,2019-05-06,470500.0,49.0,2.0,10153.409090909092
1662,2019-05-07,400000.0,43.0,2.0,9780.0
1663,2019-05-09,350000.0,40.0,2.0,10189.87341772152
1664,2019-05-10,357650.0,40.0,2.0,9940.326086956522
1665,2019-05-11,310000.0,41.0,2.0,10319.148936170213
1666,2019-05-13,430480.0,45.0,2.0,10021.212121212122
1667,2019-05-14,350000.0,42.0,2.0,9366.197183098591
1668,2019-05-15,405000.0,42.0,2.0,9818.69918699187
1669,2019-05-16,415000.0,47.0,2.0,9875.0
1670,2019-05-17,370000.0,40.0,2.0,10113.304552590267
1671,2019-05-18,306000.0,38.0,2.0,8138.125440451022
1672,2019-05-20,419500.0,40.0,2.0,10356.274131274131
1673,2019-05-21,375000.0,42.0,2.0,9920.0
1674,2019-05-22,354850.0,39.0,2.0,9806.490384615385
1675,2019-05-23,400000.0,48.0,2.0,9469.387755102041
1676,2019-05-24,372050.0,42.0,2.0,9868.421052631578
1677,2019-05-25,229000.0,20.0,1.0,10388.888888888889
1678,2019-05-27,397000.0,41.0,2.0,10285.714285714286
1679,2019-05-28,372000.0,43.5,2.0,9834.393216746157
1680,2019-05-29,420000.0,45.0,2.0,9827.586206896553
1681,2019-05-30,290000.0,26.0,1.5,9736.842105263158
1682,2019-05-31,500000.0,53.0,3.0,9729.72972972973
1683,2019-06-01,322750.0,28.5,2.0,9203.703703703704
1684,2019-06-03,421000.0,44.0,2.0,10181.818181818182
1685,2019-06-04,379530.0,42.0,2.0,10000.0
1686,2019-06-05,357250.0,40.0,2.0,10051.739130434784
1687,2019-06-06,415000.0,45.5,2.0,9417.621483375959
1688,2019-06-07,419055.0,46.0,2.0,9803.921568627451
1689,2019-06-08,246400.0,47.0,2.5,5851.818181818182
1690,2019-06-10,800000.0,60.0,3.0,13333.333333333334
1691,2019-06-11,421526.5,48.0,2.0,9778.825702959832
1692,2019-06-12,407000.0,45.0,2.0,10660.0
1693,2019-06-13,380350.0,43.5,2.0,9402.1875
1694,2019-06-14,445420.0,49.0,2.0,9966.304347826086
1695,2019-06-15,290000.0,48.0,2.0,7115.384615384615
1696,2019-06-17,428800.0,45.0,2.0,10168.578571428572
1697,2019-06-18,416000.0,38.5,2.0,10814.509803921568
1698,2019-06-19,386000.0,42.0,2.0,10169.49152542373
1699,2019-06-20,419010.0,41.0,2.0,9810.479375696767
1700,2019-06-21,435000.0,45.5,2.0,9919.61906354515
1701,2019-06-22,336000.0,58.0,3.0,6982.758620689655
1702,2019-06-24,429500.0,38.0,2.0,10018.75
1703,2019-06-25,370365.0,38.0,2.0,9898.181818181818
1704,2019-06-26,382250.0,41.5,2.0,10000.0
1705,2019-06-27,410000.0,45.0,2.0,10400.0
1706,2019-06-28,477400.0,50.0,2.0,10185.449735449736
1707,2019-06-29,229100.0,42.0,2.0,7453.473684210527
1708,2019-07-01,500000.0,50.0,2.0,11000.0
1709,2019-07-02,428500.0,45.0,2.0,9725.563909774435
1710,2019-07-03,450000.0,47.0,2.0,10549.45054945055
1711,2019-07-04,434000.0,46.0,2.0,10034.0
1712,2019-07-05,410000.0,41.0,2.0,9943.333333333334
1713,2019-07-06,414500.0,36.5,2.0,10852.014294996752
1714,2019-07-08,491000.0,49.5,2.0,10463.58225108225
1715,2019-07-09,446100.0,45.0,2.0,10000.0
1716,2019-07-10,430000.0,46.0,2.0,10272.727272727272
1717,2019-07-11,437500.0,46.5,2.0,10096.06545320831
1718,2019-07-12,462000.0,48.0,2.0,10161.290322580646
1719,2019-07-13,240000.0,27.0,2.0,10000.0
1720,2019-07-15,501510.0,53.0,3.0,10146.446078431374
1721,2019-07-16,463000.0,45.0,2.0,10212.765957446809
1722,2019-07-17,445000.0,44.0,2.0,10443.698037911541
1723,2019-07-18,420500.0,45.5,2.0,10297.635135135135
1724,2019-07-19,463150.0,45.0,2.0,10078.125
1725,2019-07-20,118910.0,46.0,2.0,2585.0
1726,2019-07-22,460825.0,47.0,2.0,10655.475382003395
1727,2019-07-23,351500.0,39.5,2.0,10381.041890440387
1728,2019-07-24,420005.0,46.5,2.0,10151.478571428572
1729,2019-07-25,483750.0,47.0,2.0,10418.859649122805
1730,2019-07-26,450000.0,45.0,2.0,10560.227272727272
1731,2019-07-27,386100.0,61.0,3.5,6793.6480186480185
1732,2019-07-29,480000.0,50.0,2.0,10479.452054794521
1733,2019-07-30,436405.0,47.0,2.0,10254.237288135593
1734,2019-07-31,454000.0,45.5,2.0,10564.935064935064
1735,2019-08-01,457500.0,43.0,2.0,10666.666666666666
1736,2019-08-02,432000.0,47.0,2.0,10158.730158730159
1737,2019-08-03,495000.0,75.0,3.5,7659.112825458053
1738,2019-08-05,410000.0,44.0,2.0,9985.714285714286
1739,2019-08-06,379000.0,45.0,2.0,10138.888888888889
1740,2019-08-07,345000.0,36.5,2.0,10645.833333333332
1741,2019-08-08,460000.0,48.5,2.0,9977.439024390244
1742,2019-08-09,430000.0,43.0,2.0,9905.66037735849
1743,2019-08-12,375000.0,38.0,2.0,9722.222222222223
1744,2019-08-13,319000.0,38.5,2.0,8943.738656987294
1745,2019-08-14,450000.0,50.5,2.5,9364.150943396227
1746,2019-08-15,254000.0,27.0,1.0,9407.407407407407
1747,2019-08-16,860640.0,74.5,3.0,11710.869565217392
1748,2019-08-19,457125.0,43.5,2.0,9906.593406593405
1749,2019-08-20,449925.0,43.0,2.0,10112.52228163993
1750,2019-08-21,423000.0,44.5,2.0,10676.08695652174
1751,2019-08-22,410285.0,43.0,2.0,10637.738095238095
1752,2019-08-23,479100.0,49.5,2.0,10131.351689612015
1753,2019-08-24,759000.0,85.5,3.0,8259.662288930582
1754,2019-08-26,436900.0,46.0,2.0,10612.299465240641
1755,2019-08-27,434050.0,44.0,2.0,10576.876267748477
1756,2019-08-28,362250.0,40.0,2.0,10415.307971014492
1757,2019-08-29,410000.0,50.0,2.0,9669.2
1758,2019-08-30,466500.0,45.0,2.0,10652.173913043478
1759,2019-08-31,424400.0,44.0,2.0,9645.454545454546
1760,2019-09-02,421857.14,40.0,2.0,10492.004761904762
1761,2019-09-03,479550.0,45.0,2.0,10592.734400656815
1762,2019-09-04,425000.0,50.0,2.0,9657.142857142857
1763,2019-09-05,390550.0,42.0,2.0,10394.0
1764,2019-09-06,421225.0,44.0,2.0,10321.35532150776
1765,2019-09-07,561545.0,48.0,3.0,8673.170731707318
1766,2019-09-08,340000.0,30.0,2.0,11333.333333333334
1767,2019-09-09,427500.0,45.0,2.0,9842.364532019705
1768,2019-09-10,446375.0,42.5,2.0,10682.995951417004
1769,2019-09-11,470250.0,43.5,2.0,10144.796380090498
1770,2019-09-12,387100.0,38.0,2.0,10435.671679197996
1771,2019-09-13,368000.0,37.0,2.0,10170.289855072464
1772,2019-09-14,310000.0,39.0,2.5,8557.142857142857
1773,2019-09-16,487000.0,50.0,3.0,10324.324324324325
1774,2019-09-17,400000.0,37.0,2.0,10651.78947368421
1775,2019-09-18,464000.0,47.5,2.0,10687.179487179488
1776,2019-09-19,445585.0,42.0,2.0,10755.952380952382
1777,2019-09-20,428000.0,46.5,2.0,10323.165322580644
1778,2019-09-21,324450.0,45.0,2.0,7210.0
1779,2019-09-23,461100.0,46.0,2.0,10403.959905660377
1780,2019-09-24,380825.0,43.5,2.0,9526.785714285714
1781,2019-09-25,488100.0,47.5,2.0,10411.47435897436
1782,2019-09-26,460000.0,43.0,2.0,10135.135135135135
1783,2019-09-27,465000.0,45.5,2.0,10550.0
1784,2019-09-28,274000.0,29.5,1.5,8800.0
1785,2019-09-29,167300.0,46.0,2.0,3636.9565217391305
1786,2019-09-30,435000.0,45.5,2.0,10456.59595959596
1787,2019-10-01,409220.0,39.0,2.0,10250.0
1788,2019-10-02,436893.0,42.0,2.0,10275.862068965518
1789,2019-10-03,397500.0,44.0,2.0,10228.799019607843
1790,2019-10-04,450000.0,47.0,2.0,10340.90909090909
1791,2019-10-07,345000.0,39.0,2.0,9734.69387755102
1792,2019-10-08,457250.0,48.0,2.0,10267.857142857143
1793,2019-10-09,384000.0,37.0,2.0,10105.263157894737
1794,2019-10-10,412500.0,43.5,2.0,10309.574468085106
1795,2019-10-11,497525.0,49.5,3.0,10406.25
1796,2019-10-12,278175.0,30.0,1.5,9342.882775119619
1797,2019-10-14,507986.5,50.0,2.0,10265.019893899203
1798,2019-10-15,440000.0,43.0,2.0,10573.306370070779
1799,2019-10-16,434525.0,45.0,2.0,10689.583333333332
1800,2019-10-17,460000.0,48.0,2.0,10301.204819277109
1801,2019-10-18,520078.0,54.5,3.0,10195.432692307691
1802,2019-10-19,615000.0,59.0,2.0,9669.632727272727
1803,2019-10-21,434950.0,49.0,2.0,10263.340263340262
1804,2019-10-22,374500.0,41.0,2.0,9619.444444444445
1805,2019-10-23,460000.0,49.0,2.0,9953.488372093023
1806,2019-10-24,469680.0,50.0,2.0,10344.827586206897
1807,2019-10-25,410700.0,48.0,2.0,9750.627450980392
1808,2019-10-28,430000.0,41.0,2.0,10618.622448979593
1809,2019-10-29,418000.0,46.0,2.0,9642.857142857143
1810,2019-10-30,439400.0,43.0,2.0,9900.0
1811,2019-10-31,450625.0,48.0,2.0,10060.216998191681
1812,2019-11-04,530000.0,54.5,3.0,10389.711632453567
1813,2019-11-05,397500.0,39.0,2.0,10526.666666666666
1814,2019-11-06,390000.0,40.0,2.0,10000.0
1815,2019-11-07,350000.0,34.5,2.0,9861.02862254025
1816,2019-11-08,427500.0,45.0,2.0,10000.0
1817,2019-11-09,273905.0,28.0,2.0,9782.32142857143
1818,2019-11-12,405856.0,47.0,2.0,9884.969362745098
1819,2019-11-13,331500.0,36.0,2.0,9966.363636363636
1820,2019-11-14,460260.0,46.0,2.0,10001.666666666666
1821,2019-11-15,427000.0,46.0,2.0,10086.206896551725
1822,2019-11-16,235000.0,36.0,1.0,6527.777777777777
1823,2019-11-17,287000.0,32.0,2.0,8968.75
1824,2019-11-18,400000.0,45.0,2.0,10526.315789473685
1825,2019-11-19,422500.0,49.5,2.0,10684.090909090908
1826,2019-11-20,359750.0,35.5,2.0,9900.0
1827,2019-11-21,394500.0,39.5,2.0,10047.008547008547
1828,2019-11-22,428000.0,42.5,2.0,10500.0
1829,2019-11-23,312500.0,48.0,2.5,6949.648711943793
1830,2019-11-25,453000.0,43.0,2.0,10531.746031746032
1831,2019-11-26,379250.0,38.0,2.0,10179.289215686274
1832,2019-11-27,445000.0,45.0,2.0,9800.0
1833,2019-11-28,360600.0,43.0,2.0,10384.615384615385
1834,2019-11-29,470000.0,45.0,2.0,10717.948717948719
1835,2019-11-30,363010.0,72.0,4.0,6870.42735042735
1836,2019-12-02,460000.0,44.0,2.0,10344.827586206897
1837,2019-12-03,335000.0,37.0,2.0,9627.333333333334
1838,2019-12-04,463200.0,46.0,2.0,10250.0
1839,2019-12-05,335800.0,35.0,2.0,10384.615384615385
1840,2019-12-06,383750.0,38.0,2.0,10263.659090909092
1841,2019-12-07,395500.0,46.0,2.0,5746.376811594203
1842,2019-12-09,345000.0,38.5,2.0,9551.923076923076
1843,2019-12-10,475000.0,47.0,2.0,10406.562198067633
1844,2019-12-11,400000.0,38.0,2.0,9975.0
1845,2019-12-12,386250.0,42.5,2.0,10147.011144883485
1846,2019-12-13,423240.0,44.0,2.0,10117.64705882353
1847,2019-12-14,180000.0,19.0,1.0,9473.684210526315
1848,2019-12-16,439000.0,45.0,2.0,10286.813186813186
1849,2019-12-17,453559.5,48.5,2.0,9722.862263184845
1850,2019-12-18,420000.0,44.0,2.0,10273.972602739726
1851,2019-12-19,456450.0,45.0,2.0,10000.0
1852,2019-12-20,408400.0,40.0,2.0,10472.470238095239
1853,2019-12-21,330000.0,38.5,1.5,9046.153846153846
1854,2019-12-23,338095.0,37.0,2.0,9807.692307692309
1855,2019-12-24,300000.0,34.0,2.0,6818.181818181818
1856,2019-12-26,400000.0,40.0,2.0,10222.97619047619
1857,2019-12-27,380000.0,42.0,2.0,9906.976744186046
1858,2019-12-28,220000.0,20.0,1.0,10526.315789473685
1859,2019-12-29,200000.0,18.0,2.0,11111.111111111111
1860,2019-12-30,330855.0,38.5,2.0,9887.5
1861,2019-12-31,320905.0,34.0,2.0,9384.615384615385
